user_id,user_name,tweet_id,tweet_text
741077262250835968,Crypto_GA_Arena,1535223731366563840,ğŸ‰ Our First WL Giveaway + ($40) NFT ğŸâ—ï¸\n30 lucky peas will win WL &amp; 1 super lucky pea will win a pea for free!\n\nTo Enter:\n- Follow @pea_pets \n- Like &amp; RT\n- Tag frens who would like a pet pea ğŸ’š\n\nâ° 24 Hours \n#PeaPets #NFTCommunity #NFTs #NFTGiveaway #NFT #NFTGiveaways #Giveaway https://t.co/tANljBGS8G
464012781,bainesy4886,1532500272458924032,$75 ğŸš€ 12 hours\n\nMust retweet this &amp; follow @hawexdao ($50)\n\nExtra $25, join https://t.co/ZEP6Z2bZk5
758614054231482368,CryptoElwis,1533455748696621056,$25 in 4 hours\nTurn on NotificationsğŸ”” - RT - Follow
1357593107483660288,gnarhost,1527677125553057792,$5 in 8 HRS \n\nRT this + RT https://t.co/E4wZwr0oak
1346766180720275456,GAContest_,1535538200055193600,$100 Giving in 24 HOURS\n\nRT &amp; Follow @katherine_Promo ğŸ””
3191032983,CryptoKing1st,1535531033004630018,$100 IN 8 HOURS\n\n- RT &amp; Join Discord (Post Proof)\nhttps://t.co/w5PhWjHMCV
346138696,RyZeJpeg,1529532002633908224,ğŸ Ape ONE Giveaway ğŸ\n\nğŸ† 5 WL spots\nğŸ† 1 $SOL ($50)\n\nTo enter:\n1ï¸âƒ£ Follow @Apeone_nft\n2ï¸âƒ£ RT + Like\n3ï¸âƒ£ Tag 3 friends\n\nâ³ Ends in 48 hours. â³\n#Solana #SolanaGiveaway https://t.co/NQmUrVVqX9
3421134838,ValleryMerk,1501141835267198977,Iâ€™ve teamed up with @HighTechoo they were nice enough to give me 2 WL spots to give to you guys + $50 so will be 3 placesğŸ“–\n\nTo enterğŸ‘‡\n-Follow @KseniaPromotion @HighTechoo \n-Like &amp; RT\n-Tag 3 friends \n\nWinners announced in 48 hours!\n\n#NFT #NFTCommunity #NFTs\n#NFTDrop #Solana https://t.co/qDEFALBCSn
1053318427639574528,prctiu,1535534673748586496,$20 | 280.000 IDR IN 3HOURSğŸ\n\n~ rt, like &amp; follow\n\nhttps://t.co/sEpMAzdazs\n\nhttps://t.co/cqdTajvvKT
1460380775573032963,CryptoPunkRich,1535647467798159360,$29336 to First 3000 People will receive #ETH in 96Hrs  , just follow, like, and retweets this &amp; \n\nğŸ’°ğŸDrop your wallet address https://t.co/9dEmP6J8Sw
432927724,yumcrypto,1534825015602216960,ClubMetaHouse Giveaway\n\n$100 || 1.4JT IDR || in 24 Hours\n\n- RT &amp; Follow @ClubMetahouse + comment on ğŸ“Œ\n- Join Discord ğŸ‘‡ğŸ‘‡ https://t.co/EjnZBYICM6 \n(Post proof in reply, no crop) https://t.co/taRcldbb6n
1228057394082652160,SlothNFT_,1522789989322436608,ğŸ”¥ MEGA #GIVEAWAY ğŸ”¥\n\n Prizes:\nğŸ† 5x Loonbirds #NFT ~ $1200 ğŸ’µ\nğŸ† 5x $50 $ETH ~ $250 ğŸ’µ\nğŸ… 25x WL spots\n\nâ• Rules:\n1âƒ£ Follow @loonbirds_xyz \n2âƒ£ Like &amp; Retweet\n3âƒ£ Join Discord: https://t.co/gxGpE6OM24\n4ï¸âƒ£ Tag 3 friends\n\nâ° 48 Hrs. #NFTs #NFTGiveaway #NFTGiveaways #NFTCommunity https://t.co/zQg5ESYa8Q
1237650752555716608,YunaPromotes_,1535591336522330113,$50 ~ 735K | 6 HOURS â³\n\nâ€¢ RT &amp; Follow @ChrisSpinsSlots
980799282168000512,Barbiehost,1527516489758089216,$75 Giveaway | 48Hours\n\nâœ… Rt &amp; Follow @cosmos_heroes +\n      Like &amp; RT their pinğŸ“Œ
1399024624302702602,APICPUNK,1535648141248237570,$29336 to First 3000 People will receive #ETH in 96Hrs  , just follow, like, and retweets this &amp; \n\nğŸ’°ğŸDrop your wallet address https://t.co/9dEmP6J8Sw
214406252,CryptoFeather_,1535176865463549952,$10 | 135.000 IDR | 500PHP | âŒš 4 HOURS\n\nâ€“ RT, like &amp; follow @DegenspySol
1352047496927866880,CryptoShrek_,1530252719096594432,ğŸ”¥ MEGA #GIVEAWAY ğŸ”¥\n\n Prizes:\nğŸ† 5x Loonbirds #NFT ~ $1200 ğŸ’µ\nğŸ† 5x $50 $ETH ~ $250 ğŸ’µ\nğŸ… 25x WL spots\n\nâ• Rules:\n1âƒ£ Follow @loonbirds_xyz \n2âƒ£ Like &amp; Retweet\n3âƒ£ Join Discord: https://t.co/gxGpE6OM24\n4ï¸âƒ£ Tag 3 friends\n\nâ° 48 Hrs. #NFTs #NFTGiveaway #NFTGiveaways #NFTCommunity https://t.co/zQg5ESYa8Q
1158361807725006848,Bitcoinbro10,1535366985806061568,$150 || RT || 24hrs ğŸŒ´ğŸ¤¸\n\n $50 â€¢  Follow @elfmferswtf\n\n$100 bonus if you mint 1 nft w/proof \nMint is only $5 â¬‡ï¸\n\nhttps://t.co/U6GdFjy6yh https://t.co/My9MMkjTIH
1235298084462219264,TwizzNFT,1513561671633190919,MINT is live at https://t.co/HgkvmtFhtB\n\nğŸ 2 x $250 in ETH\n\nTo enter:\n\nFollow @shinobibunnynft\nLike, RT and tag 3 friends\n\n48 hours! ğŸ‰\n\n#NFT #NFTCommunity https://t.co/07WDbVjzR3
968062526,CryptoBoostMe,1535515708079104001,$75 || 1,05 JT in 5 HOURS \n\nRT &amp; Follow @CryptoBoostMe
1443976933675397127,Mailuvss_,1535551294353854464,$10 | 135.000 IDR â€” 4 hrs \n\nâ€“ like, retweet &amp; follow @RosaCryptoGems
326622252,RedHuskai,1535611338839433217,$50 ! Ends in  8 Hours \n\nâ™¦ï¸RT &amp; Follow @NboxOfficial\n\nâ™¦ï¸ Join https://t.co/4QdvxQnOi3\n\nProof
1371870686445072384,GiveawayInspect,1534060722711597061,$100 #Giveaway to 10 Random persons in 48 hours:\nğŸ”¹Follow @Steliafinance &amp; me\nğŸ”¹Join TG: https://t.co/iWP6y02VMj\nğŸ”¹Like &amp; Retweet this tweet &amp; tag 3 friends &amp; comment screenshot proof of tasks\n\nwinners will be contacted!\n\n#Giveaways #GiveawayInspector
2541402348,GinieCrypto,1535479167109763072,$250 | 3.500.000 IDR | 48 HOURS\n\n($100)\n- RT &amp; Follow @stake_share\n\n(+$150 Bonus)\n- Join Discord (Post Proof)\nhttps://t.co/kioAlUHNH0
467527154,isabellaaabrown,1529109996344164354,The one that started it all!\n\nğŸš¨$50 and 5 WL spots in 24 hrsğŸš¨\n\nâœ…RT &amp; Follow @potpetsnft \n#NFTCommunity https://t.co/7rZ84weGzO
3293454098,bordong2,1535308054001881088,$100 in 14 Hours\n\nRT + Like/Rt  @marnie ğŸ“Œ
311003007,gemhostofficial,1535340788150075392,$100 | 1,4 JT ~ ends in 24 hours \n\nâ€¢ RT + Follow @poodletoken\n\nâ€¢ Like/RT their ğŸ“Œ
1170994730643017729,alphashilla,1535320619289542656,$200 Giveaway | 48 HOURS ğŸ”¥\n\n- RT &amp; Join Discord (verify)\n\nDC: https://t.co/m775Exri4U https://t.co/EJeQBnpa6O
2541354078,DigitalJpeg,1524421128508346369,$100 12 hrs\n\nretweet + follow me [ ğŸ”” ]
1187027050340798466,CryptoRhum,1479421773787582466,$150 | 2.1 JT ~ 24 Hours\n\nRT &amp; Follow @CryptoMaxine
1415324327113805830,SophieLee48,1521990171603865600,Myria is a blockchain gaming ecosystem built on their own Myria L2 scaling solutions. \n\nGiveaway of $500 for 5 winners!\n\n1. Join https://t.co/Bugou8H0U0\n2. RT + tag friends + like\n3. Follow @myriagames\n\nPost proof!\nWinners will be drawn in 72 hours!
1319599222186897408,nft__community_,1516831095014100994,ğŸ #NFTGiveaway ğŸ\n\nğŸ†Prize:\nâ€¢ 1x Kimiko #NFT (Worth $200) ğŸ’¸\n\nTo win:\n1ï¸âƒ£ Follow @NFTKimiko &amp; @HarleyNFT_ \n2ï¸âƒ£ Retweet &amp; Like\n3ï¸âƒ£ Tag 3 Friends (Every tag is an extra entry) \n\nğŸ”” Turn on notifications ğŸ””\n\nâ³48hrs. Good Luck #NFTCommunity âœ¨ https://t.co/L0V73xlAjn
1407553049770430466,AreumPromotes,1535201799678066689,$100 || 1.4 JT ~ 36Hrs ğŸŒ¼\n\nRT like + follow @actual_beans
1446525512541773873,SmartSolana,1530079256868700161,ğŸ”¥ WHITELIST GIVEAWAY  ğŸ”¥\n \n2x WL @ShroudedNFT\n2x WL @justape_\n\nğŸ« | To Enter:\n1âƒ£ RT &amp; TAG 3+ friend\n2âƒ£ Follow Me  \n3ï¸âƒ£Turn on ğŸ”” \n\nTime 48 hours â° h https://t.co/I9c44r7OzF
2309934393,cryptattoed,1531604149489516544,$50 ğŸ’¸ 12 hours\n\nMust retweet this &amp; follow me and turn my notifications on ğŸ””
432063042,Profess0rCrypto,1515620154398412802,$200 $ETH â€¢ 24 hours \n\nâ€¢ RT &amp; ğŸ””\nâ€¢ RT &amp; like ğŸ“Œ\nâ€¢ Follow @TwitPrensi
1444243286756036611,DJ_GIVEAWAY2,1535405660241788932,$100 | 1.400.000 IDR | â‚±5000 24HRS â³\n\nâœ… Retweet + Follow @moonracersnft
890774265754267649,SAFACryptoCrew,1497747424470716418,$300 | 4.200.000 IDR OR IPHONE 8 FOR ONE WINNER IN 48 HOURS ğŸ¦„\n\n- $150 ğŸ‘‰ğŸ» RT &amp; Follow @Solbox_nft \n\n- $150 Bonus ğŸ‘‰ğŸ» Join Discord (Post Proof)\nDC: https://t.co/MY7CMOwbWn https://t.co/ibYkz9Z1zC
1005328674,MilaPromot,1509035308343566338,$10 | 140K - 3 HOURS \n\nRT &amp; Follow @LisaProms
1393211404920918030,liapesekbandung,1535591792728735745,ğŸ$3500 - Giveaway | 24 HOURSğŸ¥³!\n\n1ï¸âƒ£ Follow @Lifestory_App &amp; RT\n2ï¸âƒ£ Tag 3 friends in the comments\n3ï¸âƒ£ Follow the participation linkâ¬‡ï¸\nğŸ‘‰https://t.co/1MTxWYH26w\n(we verify)\n\nğŸ”´ To increase your chances by x10, check comments below\n#NFTmint #NFTutility #NFTMetaverse #NFT #NFTGIVEAWAY https://t.co/MYU9o1syOr
1092109868,0xChaneL02,1498502332371202052,$50 | 12 hours ğŸ’ \n\nâ€¢RT and follow @zaddytoken\nâ€¢ Join telegram https://t.co/yqsij7SIxX\n\nJoin @zaddytoken for our AMA at 9:30pm est. We have HUGE plans to take us 100x and learn about their HUGE upcoming giveaways. https://t.co/I35M1gKUZj
216580114,GingaBubaCrypto,1533006840132509698,I will focus on collecting and plundering as many resources as possible in #ClashofLilliput.\n\nPlease visit their website: https://t.co/9oWSiVFPWG.\n\nğŸ’°$100 in 24 hours \n\n1ï¸âƒ£Follow @LilliputGames\n2ï¸âƒ£Like+RT+Tag 3 Friends\n3ï¸âƒ£Join TG https://t.co/0uNCXAD5E8 &amp; Say the ğŸ’ªabout $COL https://t.co/uEoIAMKGNW
1401406260000460800,LeoPromotes,1535478907050369026,$250 | 3.500.000 IDR | 48 HOURS\n\n($100)\n- RT &amp; Follow @stake_share\n\n(+$150 Bonus)\n- Join Discord (Post Proof)\nhttps://t.co/kioAlUHNH0
3048946786,NFTJacobz,1513232746318995457,MINT is live at https://t.co/cj7Ukdyp7x\n\nğŸ 1 x $75 in ETH\n\nTo enter:\n\nFollow @shinobibunnynft\nLike, RT and tag 3 friends\n\n48 hours! ğŸ‰ https://t.co/7ZOwgXxuOF
1571865672,ninasimonic,1533914684675457029,$200 â¤ï¸â€ğŸ”¥ 24 hours\n\nâ€¢ RT and follow @PrimeXBT ($100)\nâ€¢ Join Telegram of your language ğŸ‘‡ğŸ» + proof ($100)\nhttps://t.co/BDH18RklLN
1308441303772872705,DoyoungPromotes,1535597473871597568,$60 â€¢ 840K â€¢ 12 HRS ğŸ’«\n\n- RT + RT &amp; Like quoted tweet below https://t.co/JnKGbYzijd
232929077,MissParisCrypto,1514043723591520256,ğŸ”¥Giveaway 20$ğŸ”¥\n\nRACCOON TOWN #Giveaway \n\nAll Raccoon town token holders are entitled to receive 3D tokens from Raccoon cityğŸš€ğŸš€\n\nThe first winner will also get $20!\n\n1ï¸âƒ£Follow\n@raccoontown_nft\n2ï¸âƒ£RT&amp;â¤ï¸\n3ï¸âƒ£Tag 3 friends ğŸ‘«\n\nWinners will be announced here on 48 hoursğŸŒŸ https://t.co/eVuXulRN0A
178493281,coodazai,1534889857469673474,$50 | 650K IDR â€¢ 24 HRS ğŸ\n\nRT &amp; Follow @NubbiesNFT &amp; RT ğŸ“Œ
1426403206142173195,wonieegives,1535485646907011073,$20 | 260K IDR ~ 8 HRS \n\n-RT &amp; Follow \n\n@WhosjiNFT \n@whosjiart
3166008431,cryptomeks,1471458544566292486,$50 GIVEAWAY | 24 Hours\n\nFollow @CryptoElwis @BitcoinZamani \n\nRT+FAV
1416152640,MrsunNFT,1531363220417523712,Like and retweet the post down below ğŸ‘‡ğŸ¾ for $100 USD ğŸ’°\n\nWinner selected in 24 hours\n\nGood luck! ğŸ€ https://t.co/CEoTDsmbtA
1416351991719104512,nftpixelart_,1509225637814611970,ğŸš¨ Whitelist Giveaway ğŸš¨\n\nI have teamed up with @dorks_nft to giveaway $50 &amp; some WL spots to their project! ğŸ”¥\nâ€¢ $50 + 20 DORKLIST SPOTS \n1ï¸âƒ£RT &amp; Like\n2ï¸âƒ£Follow ME &amp; @dorks_nft\n3ï¸âƒ£Join: https://t.co/CvInQ1pVOt\nâœ”ï¸Winners announced in 24 hrs, GL!\n#NFT #NFTCommunity\n#NFTGiveaway #AD https://t.co/TrjIznX0l0
1125498909181325313,hollow18_,1531082471239991296,ğŸ #NFTGiveaway ğŸ\n\nMe &amp; Prime Pandas are giving away:\n2x SOL ($100) ğŸ’µ \n\nâ• To Enter:\n1ï¸âƒ£ Follow @PrimePandasNFT\n2ï¸âƒ£ Like\n3ï¸âƒ£ Retweet\n\nâ° Winners will be announced in 24 hours!\n\n#NFTs #NFT #NFTCommunity #NFTProject https://t.co/wMdlW5o5gi
1355079365629980679,FLOATNFTS,1524624965256945664,ğŸš¨ MINT  IS TOMORROW ğŸš¨\nğŸ #NFTGiveawayğŸ\nğŸ†Prize\n- 1x $100 USDC\n\nTrain your ğŸ‘¨ğŸ»â€ğŸ³+ğŸ€ NFTs like a tamagotchi to maximize your reward!\n\nTo Enter:\nâœ… Follow  @RatAlertNFT\nâœ… Like + RT + Tag 3 friends\nâ­ï¸ Bonus: Join https://t.co/xcjSfvrDMF \n\nâ° 24hrs ğŸ”” ON\n\n#NFT #NFTCommunity #P2E https://t.co/cgKRifZiP0
851102799899181056,Crypto_Hawkk,1535536399486619649,$200 || 2,8 JT  in 48 hours âŒ›ï¸ğŸ•\n\n$100\nâ€¢ RT &amp; Follow @Bybit_Official\n\n+$100\nâ€¢â€¢ RT Quote below ğŸ‘‡ https://t.co/TXH5gbzg24
957459743173263360,MesiPromotes_,1535159186337964032,$10 || 136k IDR in 2 HRS ã€½ï¸\n\nRT &amp; Follow @Amin_CHTR
458866138,NasBitcoin,1532311954764640256,$100 in 24 Hrs \n\n$50 âœ…RT This &amp; Follow @BigTownChef \n\n$50 âœ…Join DC : https://t.co/ZgOU0yTzv7\n\nBig Town Chef mint starting 7th June:\nâœ… BURP Token launched\nâœ… Major Partners &amp; Investors\nâœ… Polygon studios partnership\nâœ… 5 gaming partners\n\n#NFT #FreeNFT #NFTs #NFTGiveaways https://t.co/SWMyhyY98I
984860246634934272,MazeWandaX,1531566868908998656,$100 GIVEAWAY in 24 hours â›µï¸\n\nâ€¢ RT, Follow me and accounts below ğŸ‘‡ğŸ» \n@CCASHCitizen \n@qorpomarket
1394475795498684417,Giveaway__Whale,1522514992477589505,I will be giving $1000 in #Bitcoin to 10 people in next 48hrs. Just retweet and be following me so I can pm you.
1406588476900876288,Lunargives,1535443856183152641,$50 - 10 HOURSâŒ› \n\n- RT + Follow @CubeDaily_ &amp; RT LikeğŸ“Œ
76926772,CryptoPad100x,1535293366577299456,$200 â¤ï¸ 48 hours\n\nRT + follow @NFTGirl99
1564490666,TokyooNFT,1513405206184312838,ğŸGIVEAWAY!ğŸ\n\nPrizes: \nğŸ†.5 $ETH ($1590)\n\nMust: \n1âƒ£Follow \n@TokyooNFT \n\n2âƒ£RT + LIKE\n3âƒ£Tag 3 friends  \n4ï¸âƒ£Turn post notiâ€™s on! (Im checking)\n\n1 winner!\n\n48 HRs âŒ›ï¸ #Giveaway #btc #crypto #eth #Solana #NFTGiveaway #NFTCommunity #NFT #Notigang #Giveaways  #ETHGiveaway
931365220504633344,JpegGems1,1499971942648287232,Over $2000 worth of prizes to be won!ğŸš€\n\n5 WinnersğŸ–ï¸\n10 Metaseed NFTsğŸŒ±\n$500 CashğŸ’°\n\nEvent ends in 48 hrs! \n\nEnter Gleam hereğŸ‘‡\nhttps://t.co/Tl57xhE7MB\n\n#NFTGiveaway #NFTCommunity #NFT #Play2Earn #PlayToEarn #Metaverse #MetaverseNFT
1429656039826333696,TRONIXeth,1522032177331978240,ğŸBIG #NFTGiveaway ğŸ\nğŸ†Prizes\n- $100 USDC\n- 50 WL SPOTS\n\nMint date is May 12!\n\nTo Enter:\nâœ… Follow @RatAlertNFT\nâœ… Like + RT + Tag 3 friends\nâ­ï¸ Bonus: Join https://t.co/xcjSfvrDMF\n\nâ° 24hrs ğŸ”” ON\nKYC: @AssureDefi, Audit: @CertiKTech\n#NFT #whitelist #nftdrop #nftcollector https://t.co/WYn4spn38m
1479321583156088835,jejje113,1535542321848131586,$20 | 280K | 4 HOURSğŸŒ»\n\n- RT &amp; RT LIKE @Dothaking  ğŸ“Œ
1414254109251801092,PlasmaCrypto,1534890446903721984,ğŸAstronix 150$ giveawayğŸ\n\nTo participate:\n1ï¸âƒ£Follow @astronix_online\n2ï¸âƒ£Join our Discord server - https://t.co/jWbqafX9fo\n3ï¸âƒ£Retweet this giveaway post\n4ï¸âƒ£Tag at least 3 friends in comments!\n\nğŸ†3 people will receive $50 each\nâŒ›48 hours \n\n#Astronix #Giveaway #NFT #Cryptogiveaway https://t.co/IhFBWcmMir
1335243191180800000,traderoctopus,1513532155690950658,ğŸ‰#NFTGIVEAWAY ğŸ‰\n\nhttps://t.co/pG0SSQhtlK\n\n20 WL Spots!!\n\nWizard #NFTs ğŸ¤¯ | #Metaverse Utility\n\nDiscord Now Open!\n\nâœ…Entry:\n\n1âƒ£Follow @nftlootbox + RT Their Pinned\n2âƒ£Tag 3 Friends\n3âƒ£Join Discord https://t.co/u9gMurFVfT\n\nWinners Picked in 24 Hours\n\n#WLGiveaways #WLGiveaway https://t.co/YWuflPhKZf
218062002,CryptoBooster_7,1532552574225616896,$150 | 2,100,000 IDR  24 HRS \n\n_ RT &amp; Follow @PrimeXBT &amp; rt this quote tweet below ğŸ‘‡ğŸ» https://t.co/ceOLjyrOob
817797296779907072,SafeMoonRich,1534889606726012930,$50 in 6 hours\n\nRT, follow me &amp; join TG (show proof): https://t.co/DsBp3uL4oY
1232531253775093760,CRYPTOPROM0S,1501511830665326595,$10 in 6 hrsğŸ’¸\n\nRT and Follow me!
22326646,LiTOfficiall,1535499808986673152,I will give $50 to one person within the next 8 hours.\n\nJust:\nÂ· RT &amp; Follow me \nÂ· â¤ this tweet
4574226553,GlazeCrypto,1535537192184995841,$30 RT 3 hrs\n\nâ˜‘ï¸ Follow @JewelCrypt0
248055550,cryprules,1535535365616193537,$50 | 700.000 IDR ~ 8 HOURS \n\nRT like &amp; Follow me (ğŸ””)
1304501263795515392,bitcoindinos,1535216283230380032,$20 ğŸ¦– 2 hours.\n\nğŸ”¸ RT +  Follow @CryptoJimmybraz \n\nğŸŒ´ ğŸ¦–ğŸŒ´
1249681227054845954,CalliNFTs,1516714616621268996,$50 ~ 12 Hours\n\n- rt &amp; follow  @AscendEX_India
3306286357,gemhost,1535005532209065984,$25 | 350K ~ ends in 1 hours\n\nâ€¢ RT + Watch YT video till end ( Reply Proof)\n\nhttps://t.co/J6FuINlkny
1354389133,FatherPromos,1389340320605814793,$100 | one winner | ends in 24 hours\n\nRT, Follow me &amp; @Aerdropofficial \nJoin TG https://t.co/51Nw9TIcek\n\nGood LuckğŸ’™ https://t.co/bBUuPH6wzC
925562469719740416,Cryptinna,1529917092400549888,$50 - 6 HOURS\n\n1âƒ£ RT/Like &amp; Follow @CGClubNFT\n2âƒ£ Join https://t.co/eQV0R2YsLs\n\nğŸ’ Crystal Garden Club is an #NFT collection on the #Ethereum #blockchain.\n\nğŸ–¼ï¸ Supply : 2,222 #NFTs\nğŸ—“ï¸ Mint date : June\n\n #Giveaway #solana #ETH $ETH #NFTGiveaway #BNB #NFTGiveaways #Tezos #Crypto #BTC https://t.co/UenTB6Zpjr
1496567540696469507,Kxthify,1533154249563152386,ğŸš¨GOBLINTOWN $12,000 GIVEAWAYğŸš¨\n\n@troll_town_wtf mints in 24 hours &amp; is giving away 1 Goblintown NFT worth over $12,000\n\nTo win\n1ï¸âƒ£ Follow @troll_town_wtf &amp; RT Their Pinned\n2ï¸âƒ£â¤ï¸ + RT + Tag 3 here\n3ï¸âƒ£ Mint 1 free @troll_town_wtf on launch\n\n#NFT #Freemint #Crypto #cryptocurrency\n\n#ad https://t.co/X5i7edsAgV
827515712101089280,onecryptogirl,1535604866021588992,$200 in 72 hours âœ¨\n\n- RT &amp; Complete Coingecko task\n\n1. Go to https://t.co/49vMm1LpU9\n2. Search MoveZ (MOVEZ)\n3. Tap â­ &amp; GOOD ğŸ˜†\n4. Post proof below (no crop) https://t.co/8wGLz2DShd
1269233831455973376,Ralph_NFTBuddy,1530428757336637440,ğŸ 1 Sol ($50) Giveaway! x 1ğŸ\nFrom @OkayFoxNFT\n\nHow to participate?\n1ï¸âƒ£ Follow @Ralph_NFTBuddy\n+ @OkayFoxNFT\n2ï¸âƒ£ Like + RT\n3ï¸âƒ£ Tag 3 #NFT Frens\n\nâ³24Hrs\nGood luck âœŒï¸ ğŸ”¥\n#SOLgiveaway #SolanaNFTs #SolanaGiveaways https://t.co/NbpCGmodwN
1126216778152071168,NftsWind,1534240392123625473,ğŸš¨ REVEAL IS HERE!ğŸš¨ \n\nBuy 1 Trolltown within 24 hours of reveal to get a fractionalized Mutant BAYC worth $32,000 ğŸ¤¯ğŸš€\n\nTO GET IT:\nâ­ BUY 1 TROLL\nâ­ â¤ï¸ + RT + tag a friend\nâ­ Rt @troll_town_wtf pin and follow them\n\nBuy NOW ğŸ‘‡\nâ¡ï¸ https://t.co/UnV6KmAqee\n\n#NFT #crypto #NFTGiveaway
1265670911715233794,angel_funsized,1535245398343929857,$60 | 12 hours\n\nRT + Follow @FinalAyyMG\n\nRT/Join their ğŸ“Œ
31992855,2motivate,1534381603887230976,ğŸš¨ REVEAL IS HERE!ğŸš¨ \n\nBuy 1 Trolltown within 24 hours of reveal to get a fractionalized Mutant BAYC worth $32,000 ğŸ¤¯ğŸš€\n\nTO GET IT:\nâ­ BUY 1 TROLL\nâ­ â¤ï¸ + RT + tag a friend\nâ­ Rt @troll_town_wtf pin and follow them\n\nBuy NOW ğŸ‘‡\nâ¡ï¸ https://t.co/UnV6KmAqee\n\n#NFT #crypto #NFTGiveaway
1279077091149922306,CryptoCallista,1535536204002697216,$20 | â‚±980 | 270.000 IDR â€¢ 6 HRS ğŸ’«\n\n- RT + follow @nftelitepass \n- RT their last tweet
1396002979182911490,CryptoQueenDM,1524590517329494017,$30 | 420.000 IDR â€¢ 3 HOURS ğŸ¸\n\n- RT this &amp; LIKE @CryptoQueenDM ğŸ“Œ
1389658584196149251,SarahPromotions,1535527925394464768,$100 ~ 24 Hrs ğŸ’\n\n- RT &amp; Follow @SarahPaid
109498457,bricepromos,1533051712675758080,$100 in 24 hours ğŸ‘»ğŸŒ¶\n\n-RT + Follow @trondao \n\n-RT/Like Quoted Tweet ğŸ‘‡ https://t.co/QGSfgE8Ipn
1954313480,bravepromote,1535037749270806528,$50 in 6 Hours  Only \n\n- Rt This  \n- Complete task in quoted tweet https://t.co/LQghhg7eOn
1425082829294084102,JayTheGaHost,1535529180636536832,$30 | 420K IDR ~ 6 HOURS\n\n- RT &amp; Join Discord (post proof)\nhttps://t.co/zqIODgrJuz
4583331132,PsyJayCrypto,1535496380327727109,$50 Giving in 6 HOURS \n\n($30)\nRT &amp; Follow @Cube0x\n\n($20)\nJoin TG https://t.co/AcnBlRyuOM &amp; Complete airdrop task. https://t.co/DDiKTQJmQT
1259850119245152257,GridGamingIO,1531662093975441411,I'll give $100 to a random user who retweets this tweet within the next 23 hours, 57 minutes.\n\nMust be following @GridGamingIO &amp; @Hurricane_Mane\n\nContest ID:0161e168
1225278209740152834,MysteryColle,1490747397303148558,ğŸ’$50 &amp; x5 WL #GIVEAWAY worth over $5000!ğŸ’\n\nWL SPOTS ARE VERY VALUABLE ğŸ˜\n\n1ï¸âƒ£ RT &amp; Follow @ASGB_NFT\n2ï¸âƒ£ Join Discord and Post Verification\nhttps://t.co/5udHBWB9jp\n\nâŒ›ï¸ENDS 24hrs!âŒ›ï¸ #shill #shillme #shillnft #NFTs #NFTCommmunity #ShillerContest https://t.co/tXtUR5rlba
1375101951399067649,TrueGemHunter,1534127206171086849,â™¥ï¸CHARITY DONATIONâ™¥ï¸\n\nğŸ˜ Mental Health Charity Donation of $500\n\nğŸŒŸCharity must be able to accept Crypto Currency as donation.\n\nâ° Next 48 hours we will make our decision.\n\nğŸ§  Charity which gets the most likes/RTs/Comments will be donated to\n\nSpread the word â™¥ï¸\n#TheThinker https://t.co/Jt0MUZuzSa
1485602014398926855,HarleyProm_,1518939697518678018,$100 GIVEAWAY IN 24 HOURS\n\n- RT &amp; Follow me + ğŸ”” (Post Proof)
588626966,xFluxsi,1532776114531274752,$100 | 4 hours\n\nRt &amp; show proof of ğŸ””
1363765131172220933,HwanniePromotes,1533063570925031424,$100 || 1,4 JT in 8 HOURS \n\nRT &amp; Follow @fabian_crypto + RT Like ğŸ“Œ
235522474,Marksmith1M,1522116799483031552,$10 | 145.000 IDR  â€“ 2 HOURS ğŸ”±\n\n- RT &amp; Follow :  @S_crypto1
2942872475,4dynastyrich,1535572479170727936,$15 | 210.000 IDR - 10 HOURS \n\nLike, RT &amp; Follow Me (ğŸ””)
1458984049041543170,juliahost_,1522574194659143680,ğŸ“£ GIVEAWAY ğŸ“£\n\nğŸ† 5 x WL\nğŸ† 1 x FREE Mint (&lt;$300)\n\n1 Collection, 4 Art Styles, 4 Houses â˜ ï¸ğŸ‘¾ğŸª·â›©, Multiple Utilities, Endless Possibilities. \n\nHow to Win:\n1. Follow @VearthMeta \n2. Like + RT\n3. Tag 2 friends\n\nEnds in 48hrs â° \n\n#nft #NFTGiveaways #nfts #NFTCommunity https://t.co/yJQQ4vFiLi
1402150141684072448,FoxGives,1535479382692741120,$250 | 3.500.000 IDR | 48 HOURS\n\n($100)\n- RT &amp; Follow @stake_share\n\n(+$150 Bonus)\n- Join Discord (Post Proof)\nhttps://t.co/kioAlUHNH0
1260235422082400256,GHOOFYNFT,1503177308701667337,$150 â€¢ 8 Hours ğŸ¤©\n\nRetweet/Like + Follow me with Notifications ğŸ””
1023405063253807109,pumpcoinbets,1535320135162109953,$200 Giveaway | 48 HOURS ğŸ”¥\n\n- RT &amp; Join Discord (verify)\n\nDC: https://t.co/m775Exri4U https://t.co/EJeQBnpa6O
1377876647425187844,Jopromote,1535540667295727616,$50 | 700.000 IDRğŸ’°â€¢ 48 HRS\n\nâ€¢ rt this + rt @pablo_croğŸ“Œ \n\nâ€¢ subscribe (proof): \nhttps://t.co/h1HLEZ7927
1471419131673075713,AliyaCrypto,1533051836659384322,$100 | 1.400.000 IDR | 24 HOURS\n\nRT &amp; Follow @cosmos_heroes
1206028694,ShinaFloria,1534420751692054528,ğŸ’µâ€‹ Win Cash Giveaways worth upto $200! ğŸ’µâ€‹\n\nğŸ‰â€‹ğŸ 10 Lucky Winners will get a chance to win cash prizes ğŸ‰â€‹ğŸ\n\nğŸ‘‰â€‹ Follow @GodsofEgyptNFT\nğŸ‘ Like\nğŸ”ƒâ€‹ Retweet\nâ€‹ğŸ‘‰â€‹â€‹ Tag 3 friends! \nğŸ‘‰ Join our discord community: https://t.co/0mPtObskFA\n\nâŒ› 24 hours to enter âŒ›
1471873797976309766,promotergr,1532760132278714368,$60 or 840rb Giveaway || 6 hrs ğŸŠ\n\nRT  this + Like &amp; RT @RPGNFT1'sğŸ“Œ
795985243773599744,DannyCryptoGA,1518897680990187520,$100 Giving in 24 HOURS\n\nRT &amp; Follow @AlphaKongsClub
711113924238663681,Micopromotes,1535620661611499520,$200 GIVEAWAY \n\n- RT &amp; Download this Apps  https://t.co/nrJMMswXV9\n\nPost proof \n\nend 48 hours ğŸ’›\n---------------------------------------------\n\nNote: This Apps is for Indian users only and will get upto â‚¹1000 (Indian rupees) on downloading, KYC, first trade
1284423554235109378,CyprusCrypto1,1465999118694694914,$100 or 1,4jt  Giveaway || 24hrs\n\nRT + Follow @crypto_idea_lab (ğŸ””)
1156269110545793024,ladyincrypto,1535588892342030336,$300 GIVEAWAY ~ 72 HOURS â³ï¸\n\n- RT &amp; Complete Coingecko task (post proof)\n\n1. Go to https://t.co/e5gTJ3HR2Q \n2. Search MOVEZ\n3. Tap â­ï¸ &amp; ğŸ˜† Good https://t.co/G1qeETN3xf
1387031673229832203,CryptoBarnuts,1535190985986445316,$30 || 1 WINNER || 6 hours\n\n- Join Discord &amp; Verify\n- RT + Post proof\n\nhttps://t.co/UYzfmZEOsq
481066177,SnoopDoggBtc,1535353431912742912,Giving away 4 Trolltown NFTs, floor price is 0.14 ETH ($248) ğŸ\n\nTo participate follow &amp; RT ~ 24 hrs â° https://t.co/3VONaENewG
821018730796679168,vibe5viral,1525473805098885120,ğŸš¨ MINT IS LIVE NOW ğŸš¨\nğŸ #NFTGiveawayğŸ\nğŸ†Prize\n- 2x Free Mint\n- 1x $50 USDC\n\nTrain your ğŸ‘¨ğŸ»â€ğŸ³+ğŸ€ NFTs like a tamagotchi to maximize your reward! \n\nTo Enter:\nâœ… Follow  @RatAlertNFT\nâœ… Like + RT + Tag 3 friends\nâ­ï¸ Bonus: Join https://t.co/xcjSfvrDMF  \n\nâ° 24hrs ğŸ”” ON\n\n#P2E #NFTs https://t.co/NgDz2RImj2
1414612180897390592,Lovelyhost,1532526678819635200,$80 giveaway  || 6 hours\n(2 winners - $40 each) \n\nâ¡ï¸ Rt &amp; follow me w/ notifsğŸ”” on\n\nREROLL
2355515174,LandenNFT,1524633239398330372,ğŸš¨ MINT  IS TOMORROW ğŸš¨\nğŸ #NFTGiveawayğŸ\nğŸ†Prize\n- 1x $100 USDC\n\nTrain your ğŸ‘¨ğŸ»â€ğŸ³+ğŸ€ NFTs like a tamagotchi to maximize your reward!\n\nTo Enter:\nâœ… Follow  @RatAlertNFT\nâœ… Like + RT + Tag 3 friends\nâ­ï¸ Bonus: Join https://t.co/xcjSfvrDMF \n\nâ° 24hrs ğŸ”” ON\n\n#NFT #NFTCommunity #P2E https://t.co/cgKRifZiP0
1365733567527968768,Cryptoishaz,1535639972526837761,$50 in 24 hours\n\nâˆš RT + Follow @Crypto_QueenBit\n\nâˆš RT/Like &amp; Comment on their ğŸ“Œ
1190109332613894147,CryptoGod1101,1501009738464649226,$50 in 4 hours ğŸŒ¥ï¸â˜”ï¸ğŸ’¨\n\n-RT + follow\n\n@IpekSamurai + @Hunter_samurai1
910170146,furrincrypto,1535536038369796098,$50 | 700K ~ 12 HOURS ğŸœï¸\n\n-RT &amp; Follow @pnsc420 + Like ğŸ“Œ
1361238602533859378,resaalfny,1535448415555174400,$15 | 210K ~ 2 HOURS\n\nâ€” RT &amp; RT Like comment on https://t.co/4Ieb2Jr1cM ğŸ“Œ
1396838273004285957,necuritynft,1535470084889747456,$200 | 2.900.000 IDRğŸ’°â€¢ 24 HRS\n\nâ€¢ rt, like &amp; follow me (ğŸ””)
1450103134173351939,kloogives,1535589142565752833,$20 | 280.000 IDR in 10HOURS\n\nRT &amp; follow @ChrisSpinsSlots
2971014432,NFTCheerios,1511092845112877061,ğŸ”´BEANZ Giveaway ğŸ”´\n\nI'm giving away 1 NFT from @AzukiOfficial new BEANZ collection (worth over $20,000) that I got airdropped!\n\nTo enter:\n1ï¸âƒ£ Follow @NFTCheerios \n2ï¸âƒ£ RT &amp; Like\n3ï¸âƒ£ Tag 3 friends\n\nWinners picked in 72 hours.\n\n#NFTCommunity #NFTGiveaway #NFT https://t.co/0voBEcb7oO
404266277,JpegHoki,1532773669864210432,24 WL Spots in 24 Hours  | Follow, Retweet &amp; Tag your friends ğŸ”¥â›©ï¸ğŸ”¥\n\nDiscord Open for next 24 hours â° ( https://t.co/GLUs5IwQAW )\n\n#NFTs #SolanaNFTs #Solana https://t.co/y5VKKOZy4p
1074501767637950469,FinalAyyMG,1535532279551909889,$100 Giveaway | 24 Hours\n\nâ€¢ Retweet &amp; Follow @SarahPromotions w/ ğŸ””
1387477231535001600,Roostergives,1535479619247345668,$250 | 3.500.000 IDR | 48 HOURS\n\n($100)\n- RT &amp; Follow @stake_share\n\n(+$150 Bonus)\n- Join Discord (Post Proof)\nhttps://t.co/kioAlUHNH0
1475972574244966404,Prodigyko,1484268864296919052,$1000 and 20 WL slots for guessing the profession of Ailoverse robot shown on the GIF\n\nğŸ¤‘ 20 Winners \nResults in 48 hoursğŸš€\n\n1ï¸âƒ£ Share your guess in the comments\n2ï¸âƒ£ â¤ï¸ &amp; RT this and pin post\n3ï¸âƒ£ Join Discord https://t.co/qqA2iUrOy1 and send your comment link to #Twitter-proof https://t.co/iljfRnpfAF
1355493706070159366,Vieweity,1534869574386335744,ğŸAstronix 150$ giveawayğŸ\n\nTo participate:\n1ï¸âƒ£Follow @astronix_online\n2ï¸âƒ£Join our Discord server - https://t.co/jWbqafX9fo\n3ï¸âƒ£Retweet this giveaway post\n4ï¸âƒ£Tag at least 3 friends in comments!\n\nğŸ†3 people will receive $50 each\nâŒ›48 hours \n\n#Astronix #Giveaway #NFT #Cryptogiveaway https://t.co/IhFBWcmMir
1347140802577788928,princesspromos_,1535471022719107072,$50 â€¢ 700K | 4 HOURS\n\nRT + RT Like Comment on @kippoverse ğŸ“Œ
395004842,FacuMazzei,1515452734555627520,ğŸ 1 NFT + 3 Free Mint ğŸ\n\nRules:\n1ï¸âƒ£ Follow @MasqueradeNFT_ &amp; @90BE90\n2ï¸âƒ£ â¤ï¸ &amp; RT\n3ï¸âƒ£ Tag 2 Friends\n\nğŸ­ Community-driven 3,333 NFTs Creating New MASK Generation within the Metaverse. | Stealth Launch\n\nâ° 48 Hours!\n \n#NFTGiveaways https://t.co/JUWdGXrXgy
93431411,LinShungNFT,1501649273322188809,ğŸ’«The first interactive anime NFT project @Hyper_S_Humans ğŸ’« \n\n48-hour $50 giveaway \n\nTo be eligible:\nâœ…Follow @Hyper_S_Humans + @johndrummond89\nâœ…Like and RT \nâœ…Tag 3 squad members\nâœ…Join their discord https://t.co/Z4F6mUOXBW\n\nCloses in 48 hours! GL! https://t.co/LKNlf61Xf6
495249214,peterhuntcrypto,1534906399813439488,Is it only me or does anyone else think the token distribution and vesting plan for $COL is really cool?\n\n$100 in 24 hours â›…ï¸ğŸ¦‹\n\n1ï¸âƒ£Follow @LilliputGames\n2ï¸âƒ£Like+RT+Tag 3 Friends\n3ï¸âƒ£Join TG https://t.co/Ygj0Vt8H1H &amp; Say the best thing about #Lilliput\n\n#Giveaways #Crypto #token https://t.co/IfQ5P8AHqO
158022096,cryto_billy,1523316944299970560,$100 ~ 24 Hours\n\nâœ… Rt &amp; follow @PharaGods + \n      Rt + like their pinğŸ“Œ https://t.co/JJPXh6OoJM
336957898,dexynft,1524675465864257536,$50 in 24 hours like and RT https://t.co/9PkA5p9dhO
1446933664214884353,MADMarketingX,1529789128585388032,Iâ€™ll give $150 to one person in 24 hrs\n\n- RT &amp; Follow | @CoinTigerEX\n- RT ğŸ“Œ
1112049198529015808,jackerscrypto,1535534054233329670,$20 | 280.000 IDR IN 3HOURSğŸ\n\n~ rt, like &amp; follow\n\nhttps://t.co/sEpMAzdazs\n\nhttps://t.co/cqdTajvvKT
204513061,NFTSebastian,1519391478136684546,ğŸ‰GIVEAWAYğŸ‰\n\nPrize:\nğŸ†$90 $SOL\n\n1âƒ£Follow @NFTSebastian \n2âƒ£Retweet and Like\n3âƒ£Tag 1 Friend\n\nğŸ¯BONUS ENTRY!: Turn NOTIS ON\n\nEnds in 24 HOURS\n\n#Solana  #SolanaGiveaway #NFTGiveaway #NOTISQUAD #SOL
915333690950946816,MartyBrown_C,1515393063027359744,$100 GIVEAWAY IN 24 HOURS\n\n- RT &amp; Follow @HangoutMeta + RT ğŸ“Œ
323032855,iCryptoFran,1534003935194714112,$100 in 12 Hours ğŸ”¥\n\nRT &amp; Follow me ğŸ””
1308153754215092224,Unananaa_,1535484557872377856,ğŸ‰Giveaway $50 || 680.000 IDR\n\n$25\nâœ… RT + Follow @Pulse_Protocol\n\n$25\nâœ… Join Discord (post proof)\nhttps://t.co/RutTLCYUJE\n\nEnd in 24 hours ğŸš€\nGoodluck ğŸ¤© https://t.co/ZzkCpHaNsY
1320291125735780353,CryptoKanyee,1478773408276140040,ğŸ¦œJeet the Parakeet \n\nğŸš¨Presale sold out in less than 24 hours \n\nStarting Mcap: $250k\n\nğŸ’° BNB Rewards token that puts the community first\nğŸ™…ğŸ¾â€â™‚ï¸ No team tokens\nğŸ¦ Real world experience building businesses \n\nTelegram: https://t.co/SnXVNw3sLI\n@jeetparakeet https://t.co/vpsPJmgZF6
913840362044747776,Natty_Crypto,1522391312905150464,ğŸ”¥#GIVEAWAY ğŸ”¥\n\nGot an amazing #NFT for you all to get in early on and win big!!! ğŸ¤‘ \n\nRewards:\nğŸ’° 1x $50 of #ETH\nğŸŒ™ 10x WL SPOTS! (Aka Lunarpasses) \n\nTo Enter:\nâœ… Follow @MidnightcityNFT\nâœ…â¤ï¸ + Retweet\nâœ…Tag 3 Friends \n\nğŸš€Join Discord: https://t.co/lskxEq2fof\n\nâ±24Hrs \n\n#Web3 https://t.co/xBvJKENf9d
698426028251676672,amangkings,1496058346797154307,Give Away $10 || 140K || Gcash || 24 Hours\n\n- Follow @neolandgame \n- RT + join https://t.co/CEX3Kn4QuP (proof no crop) \n\nGoodluck ğŸ©
1338696962627923968,YnahGives,1535523450369912832,$50 GIVEAWAY\n\nâ€” RT + Follow @zbb_eth \n\nends in 18hrs
1453177737007583235,JukeNFT,1531422562147880965,ğŸš¨#NFT + #ETH GIVEAWAYğŸš¨\n\nTo celebrate breaking 10k followers, we're giving away 1 of our Genesis NFTs and $100 in ETH!\n\nTotal Value: ~$400\n\nTo enter raffleğŸ”½\n1âƒ£Follow @BodegaBlocksNFT \n2âƒ£â¤ï¸ + RT\n3âƒ£Tag 3 Friends!\n\nWinners announced in 72 hours â²ï¸\n\n#NFTs #NFTCommunity #NFTGiveaway https://t.co/RbBlqiOKnh
955190844,CryptoArch1tect,1535550340228993029,$75 Giving in 12 HOURS \n\nRT &amp; Claim 35 Bitmex token for free by Completing tasks belowğŸ‘‡\n\n1. Join https://t.co/aeJA5Y9gip\n2. Do KYC on bitmex \n3. Make single transaction on bitmex (spot or futures) for over 250$
3784267347,CactusNFT_,1509246274444226560,ğŸ‰ HRAC NFT GIVEAWAY!  ğŸ‰\n\nWhat weâ€™re giving away ğŸ‘‡\n- x1 NFT ($270) \n- $125 in #ETH ğŸ’µ\n\n1âƒ£ - Follow @HighRollerApes  \n2âƒ£ - Like + Retweet\n3âƒ£ - join https://t.co/g3sQDZUVPP and say hi\n\nWinners announced in 48 hrs ğŸ’™\n\n#NFT #NFTGiveaway #ad https://t.co/8f0grcXdZV
104060463,MadSkyX,1529789146834694144,Iâ€™ll give $150 to one person in 24 hrs\n\n- RT &amp; Follow | @CoinTigerEX\n- RT ğŸ“Œ
1155120696,SouthernDeFi,1534977461619924992,$150 | 24 Hours\n\n$75 ~ RT + Follow @0xHashstack + RT their ğŸ“Œ\n\n$75 ~  Join Discord {#PostProof}\nhttps://t.co/uRkUeNhL8g\n\n#crypto $btc $bnb $cash https://t.co/yMPcDSCi0f
1295358300725235712,CryptoBrace,1535587954240135169,ğŸ$3500 - Giveaway | 24 HOURSğŸ¥³!\n\n1ï¸âƒ£ Follow @Lifestory_App &amp; RT\n2ï¸âƒ£ Tag 3 friends in the comments\n3ï¸âƒ£ Follow the participation linkâ¬‡ï¸\nğŸ‘‰https://t.co/1MTxWYH26w\n(we verify)\n\nğŸ”´ To increase your chances by x10, check comments below\n#NFTmint #NFTutility #NFTMetaverse #NFT #NFTGIVEAWAY https://t.co/MYU9o1syOr
1072139057986039808,cryptovenizo,1475839131087343625,Giveaway $75 or 1Jt in 24hrs\n\n|| Retweet + Follow @defi_farmers\n|| Retweet their ğŸ“Œ\n\nTag 3 friends ğŸˆ
1459489986076504068,cloudgemz,1535598073874853888,$200 | 2.800.000 IDR | 48 Hours\n\nâ˜ï¸ $100 - RT + Follow  @Apeone_nft \n\nğŸ’« BONUS $100 - Join Discord  (+Proof)\n\nhttps://t.co/C3JZC4lsIP https://t.co/fzKNyGMNRR
1438563620334440449,_CRYPTO_RAPTORS,1520308590803779584,ğŸ‰GIVEAWAYğŸ‰\n\nPrize\nğŸ†$50 (.50 $SOL)\n\n1âƒ£Follow @CryptoFrogz &amp; @sol_giveaways \n2âƒ£Retweet &amp; like\n3âƒ£Tag 3 Friends\n\nğŸ¯BONUS ENTRY - Turn NOTIS ON!\n\nEnds in 24 hours\n\n#Solana #SolanaGiveaways #NFTGiveaway https://t.co/J8tMpQdek1
806442732,borgchain,1490605501625024514,ğŸ”¥#NFTGIVEAWAYğŸ”¥\n\nğŸ¤‘ $10,000 \nğŸ’ 5x #NFTs \nâœ”ï¸ 10 Whitelist Spots\n\n1ï¸âƒ£ Follow @HAVE_NFT &amp; @borgchain\n2ï¸âƒ£ RT\n3ï¸âƒ£ Tag 3 Friends\n \nEnds in 48 hours â°\n\nhttps://t.co/UgCEefpUzT\n\nâœ…ï¸ Fill out Whitelist form: https://t.co/8rCpbMegjxâ€¦\n\n#NFTdrop #NFTpresale https://t.co/U3AtC4Ubd7
988666704203935745,kyoongbh_,1535594464882098176,$15 | 210.000 IDR âœ 2HOURS âŒ›\n\nRT Like &amp; Follow @AirDropBotPro, RT ğŸ“Œ
407108565,dogespromote,1534973032715849729,$50 in 6 Hours  Only \n\n- Rt This  \n- Complete task in quoted tweet https://t.co/LQghhg7eOn
1421109889418424323,kuyawat,1535486760285011969,$100 || 1.4 JT in 24 Hours\n\n- RT &amp; Follow @_TheSilentOnes_\n______________________________________\n#TheSilentOnes #SolanaNFT #NFT #NFTCommunity https://t.co/6Io8j7IZKM
1377683239310090250,Kripto_Crab,1532965811681386500,$10 ~ 12 Hours\n\nâœ… RT &amp; Follow @Kripto_Crab + ğŸ””\nâœ… Tag 2 Friends
1431926404543758341,TartUniverse,1533933245892395008,$200 GIVEAWAY ~ 48 HOURS â³\n\n- RT &amp; Join Telegram (post proof)\n\nhttps://t.co/hGq1bddXTh \n\nâš ï¸ Must click "Let me in!" âš ï¸ https://t.co/xC14clfy5G
33827636,2021gemtoken,1530915448489136128,DeGods Giveaway - 450 SOL / $19,872\n\nGiving Away 1 @DeGodsNFT NFT to one Lucky Person in 48 Hours\n\nRules:\n\n1âƒ£Follow @nonfacs &amp; @DeGodsNFT\n2âƒ£Like +Retweet\n3âƒ£Tag 3 Friends \n\nGood Luck! #NFTGiveaway #NFT #DeGods #Solana https://t.co/hc4yG7XSzt
1352595166008209411,cryptosniper99,1513133420410511368,$150 | 2.100.000 IDR\n\n~ Retweet &amp; Follow @AxieLima \n\nEnds in 24HOURSğŸ•Š
1393818670531452929,TheNFT_World,1521056375383547904,HUGE NFT GIVEAWAY ğŸâœ¨\n\nI am giving away ONE Otherside Deed worth 5 ETH ($15,000+) ğŸ’¥\n\nTo Enter:\n- Follow @0xChougs \n- Like and RT \n- Tag friends \n\nWinner chosen in 48 hours.. Good luck ğŸ€ \n\n#Otherside #NFTCommunity #NFTGiveaways #NFTGiveaway #OthersideLand https://t.co/CARyLUkDxK
1393534606125592577,sereingives,1528988781579079680,$30 | 420K IDR â€¢ 12 HRS ğŸ”¥\n\n- RT &amp; follow @SagaWorldToken \n- like &amp; retweet the quoted ğŸ‘‡ğŸ»\n\nSAGAW is the next 100x token #SagaW  #Sagaworldtoken #Bitcoin #Bitrue #Binance #BNB https://t.co/eFj5snYShi
1359678193268002817,GlobalNftCentre,1527501791243276289,ğŸ”¥ Fuck it off Nft Whitelist Giveaway ğŸ”¥\nWe did it ğŸ¤˜ partnership with @fuckitoffNFT ğŸŸï¸\n\nTo enter:\nâ–«ï¸ Follow \nğŸ‘‰ @fuckitoffNFT\nğŸ‘‰ @GlobalNftCentre\n\nâ–«ï¸ RT + Likeâ¤ï¸\n\nğŸ•– | 24 hours! GL ğŸ€\n\n#NFTGiveaway #NFTs https://t.co/nFe3mNRF66
7173232,crypto_bearr,1535536057365975041,$200 || 2,8 JT  in 48 hours âŒ›ï¸ğŸ•\n\n$100\nâ€¢ RT &amp; Follow @Bybit_Official\n\n+$100\nâ€¢â€¢ RT Quote below ğŸ‘‡ https://t.co/TXH5gbzg24
3021015037,TariCrypto,1515785054340980737,ğŸ†Daily #NFTGIVEAWAY #3ğŸ†\n\nPrize Pool ğŸ\n1x DragonBlast ($30)\n1x Baingia #43 ($150)\n1x WeirdCryptoApe ($15)\n\nRules:\n1âƒ£ Must Follow ME and All Homies\n@metazukii\n@hypnomedusa\n@SArtophobia\n2âƒ£ â™¥ï¸ &amp; Rt\n3âƒ£Tag Frenz\n\nWinners in 24hrs â°\n\nğŸ’€ğŸ’€Hit theğŸ””more heat incoming ğŸ’€ğŸ’€ https://t.co/x9R7fG95Cr
1173763184777486338,cryptohomii,1496956695624486920,Top #Fantom Token by Transaction Count Last 24 HoursğŸš€\n\n$SOLID @solidlyexchange ğŸ‰\n$TOMB @tombfinance \n$2OMB @_2omb \n$BEETS @beethoven_x \n$HAUNT @cemeteryfinance \n$BASED @BasedFinance_io \n$BOO @SpookySwap \n$METEOR @CometFinance88 \n$PSHARE @PartialFinance \n$WIGO @WigoSwap ğŸ”¥\n\n#FTM https://t.co/BWwsSzmjdo
250196976,JessieCrypt0,1533696989136838658,ğŸš¨ $1,000 + Free mint GIVEAWAY ğŸš¨\n\nI've partnered with @assplosionwtf to giveaway $1,000 and 10 free mints to celebrate their free mint in 48 hours. How to enterâ¬‡ï¸\n\n1âƒ£ Follow @assplosionwtf \n\n2âƒ£ Like + retweet this post\n\n3âƒ£ Tag a friend\n#NFT #Freemint #NFTCommunity #NFTGiveaway https://t.co/kvOBsv3ybx
2360235764,shiepromotes,1532852015822299136,$30 GIVEAWAY ~ 6 HOURS\n\n- RT &amp; Join TG (+Proof)\nhttps://t.co/XoWu5eB7i4
1430978480,PacificETH,1531075716564979718,Mint in under 48hours!\n\nHere's a quick look at our final partners of Senshi, alongside many more! \n\n5 WL | Follow, Like &amp; RT ğŸŒ¸ https://t.co/uR5icZPWg9
1428688987259080704,Alphawolf_1_,1535530309592154112,$50 | 700.000 IDR â€¢ 6 HOURS ğŸŒ¸\n\nRT &amp; Follow @ChrisSpinsSlots
2862991739,DrewPromos,1400455983395135488,$10 || one winner || 2 hours\n\nrt, follow @DrewPromos + ğŸ””
1403411186079735812,CryptoBoltx,1535190405658157058,$200 | 2,8 JT ~ 24 HOURS \n\nâ€¢ RT &amp; Follow me (ğŸ””)
208563834,MrNFTexpert,1513163339530076161,ğŸš€ GIVEAWAY ğŸš€\n\nWe're giving away $5000 to one of our new discord members.\n\nTo Win:\n1ï¸âƒ£ RT &amp; â¤ï¸\n2ï¸âƒ£ Join our discord: https://t.co/j8sNvWjEYl\n3ï¸âƒ£ Reply using #AndromedaBusinessClub\n\nâ° 24hrs â°\n\n#HoldToEarn #NFTCommunity #Giveaways https://t.co/PkO8xpsoZB
1361053678216515584,DefiGabbi,1535614260726104064,$100 ~ 24Hours\n\n- Rt &amp; Follow @_TheSilentOnes_ https://t.co/OBABAD1AUD
1491175808697872386,RJWGMI,1530492529015238658,1 Winner â€¢ 24 Hours â° \n\n$300 | $ETH\n\nLike &amp; RT + Follow me w/ğŸ””\n\nStay active and comment when done âœ…
812104176,zenpromoter,1535502690234470400,$100 | 24 Hours\n\n- RT &amp; Follow Me !
1461324154381103112,missufe,1535532937151582208,$150 | 2.100.000 IDR in 24 Hours ğŸ¦„\n\n- RT &amp; Follow (Turn ğŸ””)\n\n@katherine_Promo + @GAContest_
1283643054050562048,CryptoLabX,1532706270792142848,150$ | 2,1 JT  ~ 48  hours ğŸ§ª\n\n~ RT &amp; Follow @protocol_open \n\n~ Join TG : https://t.co/8n4R3xlgkn (proof)
3368512093,CryptoToken_,1526524175166255104,$100 Giveaway with in 24 hours \n\nRetweet + Follow Me + ğŸ””
1394825277079834624,GawsStiph,1535544481038012416,ğŸ$3500 - Giveaway | 24 HOURSğŸ¥³!\n\n1ï¸âƒ£ Follow @Lifestory_App &amp; RT\n2ï¸âƒ£ Tag 3 friends in the comments\n3ï¸âƒ£ Follow the participation linkâ¬‡ï¸\nğŸ‘‰https://t.co/1MTxWYH26w\n(we verify)\n\nğŸ”´ To increase your chances by x10, check comments below\n#NFTmint #NFTutility #NFTMetaverse #NFT #NFTGIVEAWAY https://t.co/MYU9o1syOr
1051128098802941952,CryptoRanger_,1489503673612972033,$100 | 24 Hours ğŸ‘¢\n\n-RT &amp; Follow InstagramğŸ‘‡ (Post Proof)\nhttps://t.co/0F7RzjQLhd https://t.co/nGyufB5bog
1412331353639587850,crypto_margo,1535427311545118722,$75 Giveaway | 48Hours\n\nâœ… Rt &amp; Follow @cosmos_heroes +\n      Like &amp; RT their pinğŸ“Œ
1396801836053524489,KleitoNft,1533492148372398082,ğŸš¨ GIVEAWAY ALERT  ğŸš¨\n$100 to 5 lucky winners from @GBGHNFT \n\nTo enter: \nFollow: @GBGHNFT\nJoin Discord: https://t.co/b3DyaCIlzD\n\nLike + RT\n\nTag 3 friends (Every extra tag = additional entry) \n\nEnds in 48 hours \n#GiveawayUSDT #Giveaway #Airdrop https://t.co/V8pBXPkyjG
1212404678824038400,pakkrabbit,1519771033313685506,â‚± 5000 || 4 hours\n\nRT + Like @TsuyoGenesis ğŸ“Œ
2503386737,crypto_pikachu1,1535546508438712320,$200 ll 2.800.000 IDR in 48 Hours \n\n$100 RT &amp; Follow @fabian_crypto + RT , Like ğŸ“Œ\n$100 Comment Game Related on Their ğŸ“Œ
1471464372757274626,ZaraPromotes,1535478640359661574,$250 | 3.500.000 IDR | 48 HOURS\n\n($100)\n- RT &amp; Follow @stake_share\n\n(+$150 Bonus)\n- Join Discord (Post Proof)\nhttps://t.co/kioAlUHNH0
