user_id, user_name, followers, tweet_url, tweet ,Label,,,
7.41077E+17,Crypto_GA_Arena,204859,https://twitter.com/random/status/1522538800354070528,$100 Giveaway ~ Ends In 24hrs â°\n\nğŸ”¹RT + Follow @NFTAnalystIG \n\nGood luck ğŸ’« https://t.co/ZHsfE7l865,Promoter,,,
1976242206,MissIndahReal,84379,https://twitter.com/random/status/1520339068319457280,ğŸ’° $20 | 290.000 IDR in 24 HoursğŸ¦‹\n\nRT &amp; Follow  @Astarter_Pad,Promoter,,,
464012781,bainesy4886,200050,https://twitter.com/random/status/1532500272458924032,$75 ğŸš€ 12 hours\n\nMust retweet this &amp; follow @hawexdao ($50)\n\nExtra $25,Promoter,,,
7.58614E+17,CryptoElwis,184278,https://twitter.com/random/status/1535613334808154112,$50 in 12 Hours RT,Promoter, Fav last 5 twit @goldenfigcoin,,
1.35759E+18,gnarhost,190632,https://twitter.com/random/status/1529072368492355584,$10 in 60 mins!\n\n- RT and follow @maxter_crypto \n@BenCryptwo,Promoter,,,
1681541280,AquaNFT,92296,https://twitter.com/random/status/1530413941305790465,The First 2500 Interactions will be Considered for ğŸ¤”\n\n~ RT + Like &amp; Tag 3 Friends\n~ Follow @DemonixNFTs w ğŸ› https://t.co/AXeZ0JPsQ3,No,,,
1.37355E+18,nft_boyka,91980,https://twitter.com/random/status/1533684241350934528,$80â€¢ $Eth â€¢ Ends real soon! â°\n\nRT â€¢ Follow @Parsa_eth\n@SteylorBot    (ğŸ””),Promoter,,,
1.34677E+18,GAContest_,348472,https://twitter.com/random/status/1535882832920293377,$100 Giving in 24 HOURS\n\nRT &amp; Follow @katherine_Promo ğŸ””,Promoter,,,
3191032983,CryptoKing1st,612538,https://twitter.com/random/status/1535871217302876160,$1200 GIVEAWAY IN 7 DAYS\n\n- RT &amp; Follow @VolumeWars \n- Comment and Tag 3 Friends on their Pinned ğŸ“Œ https://t.co/4CEu39eJzr,Promoter,,,
1.48364E+18,cleollipop,74226,https://twitter.com/random/status/1535588379026673664,$5 | 60 MINS \n\nRT &amp; follow @bunniefied ğŸ””,Promoter,,,
2820741398,proofinthedoof,48294,https://twitter.com/random/status/1535880334687973376,$50 | 3 days\n\nâ€¢ RT + Follow \n\n@ashleyj586 \n@Megf777 \n@ChelleHeath \n@Kmariehay \n@BriennaC7 \n\n#bekind #kindnessmatters,Promoter,,,
1.05332E+18,prctiu,199039,https://twitter.com/random/status/1535879449773608960,$20 | 280.000 IDR IN 3HOURSğŸ\n\n~ follow https://t.co/R0jpFOhWMm\n\n~ rt &amp; like @VelarAgency ğŸ“Œ,Promoter,,,
432927724,yumcrypto,1053153,https://twitter.com/random/status/1529115137344700417,$50 || 700.000 IDR || IN 12 HOURS\n\nâœ… RT \nâœ… RT &amp; Like @ATM_Official1  pinned ğŸ“Œ,Promoter,,,
1.22806E+18,SlothNFT_,159215,https://twitter.com/random/status/1508848795550826496,$150[ 1 winner ] 24 hrs $DAOGOFINANCE\n\nğŸ’¥RT - Follow \n@DaogoFinance\n\nğŸ’¥Join Discord: https://t.co/xTVCHixgqz,Promoter,,,
1.23765E+18,YunaPromotes_,134220,https://twitter.com/random/status/1535927123499941888,$50 ~ 735K | 6 HOURS â³\n\nâ€¢ RT &amp; Follow @ChrisSpinsSlots,Promoter,,,
1.41594E+18,queennKrii,124014,https://twitter.com/random/status/1535343671427538944,IDR 50.000 ~ end fastğŸ’°\n\nâ€” rt &amp; rt like ğŸ“Œ@gem_cmc,Promoter,,,
9.80799E+17,Barbiehost,125106,https://twitter.com/random/status/1527516489758089216,$75 Giveaway | 48Hours\n\nâœ… Rt &amp; Follow @cosmos_heroes +\n      Like &amp; RT their pinğŸ“Œ,Promoter,,,
1.49862E+18,iamsaintsammie,151552,https://twitter.com/random/status/1528832267488985091,It will cost you $0.00 to retweet and tag @davido https://t.co/U5WM1DTWC4,No,,,
1162807742,brianacrypto,89948,https://twitter.com/random/status/1522057771742642176,$100 to one winner | 24 hours ğŸŒˆ\n\nâ€¢ RT &amp; follow @joeyhickson and â¦@QuantumCoinXâ©,Promoter,,,
1.25494E+18,Crypto_NemoBTC,86389,https://twitter.com/random/status/1514821601040154633,$20 GIVEAWAY ğŸš€ğŸš€ğŸš€\n\nğŸ”¥RT &amp; LIKE\n\nğŸ”¥Tag 3 friends\n\nğŸ”¥follow @TheHumanians \n\nğŸ”¥join discord https://t.co/M7GHqBHuZu https://t.co/d9il7ADiga,No,,,
1.46139E+18,sharksproms,98019,https://twitter.com/random/status/1535216110680743936,$7 || 92k IDR â€¢ 2 HOURS ğŸ”¥\n\n; RT + FOLLOW @WagdieGrave\n\n; RT &amp; LIKE @WagdieGrave ğŸ“Œ,Promoter,,,
214406252,CryptoFeather_,276397,https://twitter.com/random/status/1535877170383691776,$50 || 2500PHP || 690.000 IDR || âŒš 24 HRS\n\nâ€“ RT,Promoter,,,
1.15836E+18,Bitcoinbro10,305543,https://twitter.com/random/status/1535366964243095552,$100 || RT || 24hrs ğŸŒğŸŒ‘\n\n($50) Follow @Cube0x \n\n($50) Join their 1,Promoter,000 airdrop on TG\nhttps://t.co/K9cu5LHpQ2 https://t.co/LZS5SArKZl,,
1.34718E+18,F__Bank,134229,https://twitter.com/random/status/1476310171475456007,@KodaiDragonz @ErjanMoldavskyi @ndukwe_anita @Aslambhaibolte Cool project! ğŸ”¥i have some business opportunity  to propose,No,,,
1.48567E+18,Treywyd_,101669,https://twitter.com/random/status/1530371829218557957,The First 2500 Interactions will be Considered for ğŸ¤”\n\n~ RT + Like &amp; Tag 3 Friends\n~ Follow @DemonixNFTs w ğŸ› https://t.co/AXeZ0JPsQ3,No,,,
19395504,cryptochrix,51482,https://twitter.com/random/status/1410766932949618688,ğŸ’° $30 giveaway ğŸ’°\n\nRT this\n&amp;\nRT @earnbnb 's ğŸ“Œ\n(Post proof)\n\nEnds in 12 hours. Good luck! ğŸ€,Promoter,,,
1.31443E+18,angel_eun_,62293,https://twitter.com/random/status/1520038233002115073,$50 || â‚±2,Promoter,,,
1352530188,onlyrenzz,49244,https://twitter.com/random/status/1530412888258641920,The First 2500 Interactions will be Considered for ğŸ¤”\n\n~ RT + Like &amp; Tag 3 Friends\n~ Follow @DemonixNFTs w ğŸ› https://t.co/AXeZ0JPsQ3,No,,,
968062526,CryptoBoostMe,333744,https://twitter.com/random/status/1535515708079104001,$75 || 1,Promoter,,,
1.18297E+18,primecryptoc,45896,https://twitter.com/random/status/1527395503797080064,$2 ,No,,,
1.44398E+18,Mailuvss_,111398,https://twitter.com/random/status/1535884364604928001,$10 | 135.000 IDR â€” 4 hrs \n\nâ€“ like,Promoter,,,
326622252,RedHuskai,324673,https://twitter.com/random/status/1535919968298180610,$50! Ends in 8 Hours\n\nâ™¦ï¸RT - Follow @CryptoCoreyy,Promoter,,,
1.38274E+18,Safugemscall,42077,https://twitter.com/random/status/1448544974388097025,When #BNB will hit $10,No,,,
1.51246E+18,pierstenT,65288,https://twitter.com/random/status/1531290901699502082,ğŸ’°$100 in 24 hoursğŸ’°\n\nâœ…RT &amp; Follow @Ethermon_NFT \nâœ…Like &amp; Retweet @Ethermon_NFT ğŸ“Œ,Promoter,,,
8.78342E+17,kaiaaluv,50232,https://twitter.com/random/status/1535669961774858240,$5 â”Š 70.000 IDR ~ 2 HRSâœ¨\n\nâ€”LIKE @_Crypto_Dubai last retweet\nâ€”RT this + rep done,Promoter,,,
1.49602E+18,GroverPromotes,42514,https://twitter.com/random/status/1535881791407812608,$1 | 14K IDR â€¢ 60 MINS\n\n- RT &amp; Follow @cryptonabii,Promoter,,,
2541402348,GinieCrypto,183023,https://twitter.com/random/status/1539595805102952451,$30 | 420.000 IDR | 3 HOURS \n\nRT &amp; Follow @Aristide_Tofani,Promoter,,,
1.47077E+18,KaseyBNB,42135,https://twitter.com/random/status/1534431844275560449,$100 in 4 hours â³ \n\nâ€¢ RT + Follow @spacegrime,Promoter,,,
467527154,isabellaaabrown,378312,https://twitter.com/random/status/1529109996344164354,The one that started it all!\n\nğŸš¨$50 and 5 WL spots in 24 hrsğŸš¨\n\nâœ…RT &amp; Follow @potpetsnft \n#NFTCommunity https://t.co/7rZ84weGzO,No,,,
1.44461E+18,Maymytan,53725,https://twitter.com/random/status/1535954865095970816,$3 | 42.000 IDR ~ 120 MINS ğŸ¦‹\n\nâ€” Retweet\n\nâ€” RT Like @daezeyyz ğŸ“Œ,Promoter,,,
1.4828E+18,sam_nft1,41730,https://twitter.com/random/status/1535329398148276226,$250 | 24 Hours â°\n\nRT + Like\nFollow Steps on @SauxyNFT pinned tweet ğŸ“Œ,Promoter,,,
3293454098,bordong2,138979,https://twitter.com/random/status/1535308054001881088,$100 in 14 Hours\n\nRT + Like/Rt  @marnie ğŸ“Œ,Promoter,,,
311003007,gemhostofficial,348347,https://twitter.com/random/status/1535340892076544000,$25 | 350K ~ ends in 90 mins \n\nâ€¢ Follow @BBullsNFT (ğŸ””)\nâ€¢ RT,Promoter,,,
1.47174E+18,Leylagives,55821,https://twitter.com/random/status/1533107877266825218,$100 | 1.400.000 IDR | 24 HOURS\n\nRT &amp; Follow @cosmos_heroes,Promoter,,,
244677659,AnjouNFT,56147,https://twitter.com/random/status/1529350307733446656,$20 $ETH â›©ï¸ â€¢ 9 Hours â°\n\nâ€¢ rt + follow me @kunaieth (+ğŸ””),Promoter,,,
1.17099E+18,alphashilla,165840,https://twitter.com/random/status/1518249922214072320,$200 | 24 HOURS\n\n100$ - RT like &amp; follow @Souqdotgg \n\n100$ - Join telegram https://t.co/ttGO3fFgCq https://t.co/2x45zKwpW0,Promoter,,,
2541354078,DigitalJpeg,108275,https://twitter.com/random/status/1513149148589088770,$20 4 hrs\n\nRetweet + Follow \n@savvyfinance_\n@Route2Crypto,Promoter,,,
1.18703E+18,CryptoRhum,135134,https://twitter.com/random/status/1479421773787582466,$150 | 2.1 JT ~ 24 Hours\n\nRT &amp; Follow @CryptoMaxine,Promoter,,,
1.50443E+18,RexxaProms,60703,https://twitter.com/random/status/1535879759926001664,$2 | 100 PHP | 27.000 IDR ğŸŒ¿\n\n-RT \n-RT &amp; LIKE @AshtonNFTs LATEST RT,Promoter,,,
334794352,mikogiveaways,44775,https://twitter.com/random/status/1509950359472844807,$10 &gt;&gt; 2 hours\n\nğŸ¤ŸRT + RT &amp; Like @588 ğŸ“Œ,Promoter,,,
1.29767E+18,Crypt0kyuubi,90532,https://twitter.com/random/status/1530066130672693249,$10 giveaway ğŸ’°\n\nRt &amp; follow @blueprintdefi \nJoin tg (post proof): https://t.co/mSzs3ZP72S,Promoter,,,
380313112,MetaPromos,56652,https://twitter.com/random/status/1477763129366953986,$100 in 24 hours \n\nrt &amp; follow me + @bricepromos,Promoter,,,
1.43292E+18,zaricrypto,60107,https://twitter.com/random/status/1535932547259330560,$40 || â‚±1,Promoter,,,
313941839,LapizNFT,84568,https://twitter.com/random/status/1530374654463983616,The First 2500 Interactions will be Considered for ğŸ¤”\n\n~ RT + Like &amp; Tag 3 Friends\n~ Follow @DemonixNFTs w ğŸ› https://t.co/AXeZ0JPsQ3,No,,,
1.35355E+18,felgives,54753,https://twitter.com/random/status/1524361327199801344,$3 | â‚±150 in 180mins\n\nâ€” RT\nâ€” follow @NFT_News_Source rt ğŸ“Œ,Promoter,,,
1.40755E+18,AreumPromotes,161786,https://twitter.com/random/status/1535201848285888512,$10 || 140K IDR ~ 60Mins ğŸŒ¼\n\nRT + Like @Mily_business ğŸ“Œ,Promoter,,,
1.45584E+18,pipodelyth,40140,https://twitter.com/random/status/1536000554987827200,$2 | 28 RB\n\nâ€” comment pinned @KataCrypto ğŸ“Œ\n\nâ€” rt &amp; like this \n\nâ€”â€”â€”â€”â€”â€”â€”â€”\nDraw by @swinpi,Promoter,,,
1113669961,ysagives,51344,https://twitter.com/random/status/1533030350473302017,GIVEAWAY $2 : 28.000 IDR\n\nâ€” RT &amp; follow @BullyBearCCC,Promoter,,,
2309934393,cryptattoed,147712,https://twitter.com/random/status/1529872250840633344,$50 ğŸ’¸ 6 hours\n\nMust retweet this follow @FlippinApes &amp; myself and Rt their ğŸ“Œ tweet,Promoter,,,
432063042,Profess0rCrypto,222870,https://twitter.com/random/status/1515620154398412802,$200 $ETH â€¢ 24 hours \n\nâ€¢ RT &amp; ğŸ””\nâ€¢ RT &amp; like ğŸ“Œ\nâ€¢ Follow @TwitPrensi,Promoter,,,
1.44424E+18,DJ_GIVEAWAY2,157887,https://twitter.com/random/status/1535658376163741696,$50 in 8HRS â³\n\nâœ… Retweet +Follow @MutantMusks \nâœ… Retweet + Like their  Pinned ğŸ“Œ https://t.co/ruojj74BHc,Promoter,,,
8.90774E+17,SAFACryptoCrew,104037,https://twitter.com/random/status/1495534453636366336,$100 for 1 lucky winner in 24hrs\n\n- RT and follow @SkillGuilds \n- Join and verify Discord: https://t.co/soZSc1QYsC,Promoter,,,
2303636186,JackiePromotes,70319,https://twitter.com/random/status/1516246492012371971,$10 ~ 60mins\n\n- rt &amp; rt @JackiePromotes pinğŸ“Œ,Promoter,,,
1005328674,MilaPromot,108512,https://twitter.com/random/status/1509035308343566338,$10 | 140K - 3 HOURS \n\nRT &amp; Follow @LisaProms,Promoter,,,
343614720,SyeraPromotes,50642,https://twitter.com/random/status/1509893635457789957,GIVEAWAY $20 | 280.000 IDR in 2 hours\n\nâ€” follow me &amp; @endoirs â¤ï¸\nâ€” retweet,Promoter,,,
1.3561E+18,berry_gives,44711,https://twitter.com/random/status/1530731940470738944,"$15 | â‚±690 | 195.000 IDR â€¢ 4 HRS ğŸ’°\n\nâ€” RT &amp; Follow @CuBeanz\nâ€” RT Like &amp; Comment ""#CuBeanz"" on their 2 latest tweets",Promoter,,,
1.07086E+18,Bagremaraz,46653,https://twitter.com/random/status/1476032025660436481,Giveaway 10$ || â‚± 500 || 140,Promoter,,,
1092109868,0xChaneL02,179241,https://twitter.com/random/status/1497092353764384769,$200 â€¢ 48 hrs \n\nâ™¡ Rt and follow\n\n@widow_crypto\n@Bobston14656404 \n@zelicer88 \n@Crypto_Investe,Promoter,,,
1.44585E+18,Sid_Sayx,47247,https://twitter.com/random/status/1494954220671619074,$10 in 30 Mins\n\nRT this and follow @LaCryptoSadie â¤ï¸,Promoter,,,
1.31622E+18,CrysGives,50717,https://twitter.com/random/status/1498521508972736513,$15 | â‚±690 giveaway\n\nâ€¢ RT + Follow @AntiWarMfers \nâ€¢ Join Discord (Proof)\n\nhttps://t.co/Yoj2GxbA5R,Promoter,,,
1.28703E+18,ForGAonly1,48797,https://twitter.com/random/status/1531998539022483456,$15 GIVEAWAY ğŸ\n\nâœ… RT this + Follow @SingMe_app \nâœ… RT their ğŸ“Œ\nâœ… Join Discord &amp; Post proof\n\nhttps://t.co/g9k1D2Em59,Promoter,,,
2711981311,zabinapromotes,49918,https://twitter.com/random/status/1535904540339630080,$2 || â‚±100 || 27k IDR in 60 mins  !! ğŸ¦š\n\nâ€” RT this + RT &amp; WATCH their ğŸ“Œ \n\n@daw1nner2day\n@wenwins_16\n@LuckyWinWin_29,Promoter,,,
605570803,neagives,98757,https://twitter.com/random/status/1514492186326274049,$20 | 280.000 IDR in 2 HOURS\n\nRT &amp; Follow me @badcge,Promoter,,,
1.40141E+18,LeoPromotes,195189,https://twitter.com/random/status/1535478907050369026,$250 | 3.500.000 IDR | 48 HOURS\n\n($100)\n- RT &amp; Follow @stake_share\n\n(+$150 Bonus)\n- Join Discord (Post Proof)\nhttps://t.co/kioAlUHNH0,Promoter,,,
3048946786,NFTJacobz,185517,https://twitter.com/random/status/1506655875125108753,$250 $USDT or $APE (3 WINNERS) ğŸ†\n\nRT + Follow Me &amp; @NFTDyIan ğŸ””(Proof),Promoter,,,
1571865672,ninasimonic,741585,https://twitter.com/random/status/1533914684675457029,$200 â¤ï¸â€ğŸ”¥ 24 hours\n\nâ€¢ RT and follow @PrimeXBT ($100)\nâ€¢ Join Telegram of your language ğŸ‘‡ğŸ» + proof ($100)\nhttps://t.co/BDH18RklLN,Promoter,,,
1.30844E+18,DoyoungPromotes,203395,https://twitter.com/random/status/1535932444817637376,$50 â€¢ 700K â€¢ 8 HRS ğŸ”¥\n\n- RT &amp; Follow @BoredApe_BC \n\n- Join Discord (Post Proof) https://t.co/6KYTfF12eW https://t.co/ajsvYgWdwG,Promoter,,,
267890604,gemhostglobal,1097152,https://twitter.com/random/status/1536157903325114368,$25 Giveaway || 2 hours \n\nâ€¢ RT &amp; Follow @SukiiNFT ( ğŸ”” ) + proof,Promoter,,,
2932346092,SelineNFT,65003,https://twitter.com/random/status/1526257348024614914,$50 $ETH | 1 Winners â›©ï¸\n\nLike â€¢ RT  â€¢  Follow me and @metazukii ğŸ””,Promoter,,,
178493281,coodazai,104388,https://twitter.com/random/status/1535618766138056704,$50 | 650K IDR â€¢ 24 HRS ğŸ\n\nRT &amp; Follow \n@TomorrowDAOorg\n@sangeng_,Promoter,,,
1.14022E+18,chagives,44373,https://twitter.com/random/status/1533115664034328576,$7 | 100.000 - 8 hour\n\nâ€¢ rt,Promoter,,,
1.4264E+18,wonieegives,121200,https://twitter.com/random/status/1535875121780752384,$5 â€¢ 60 MINUTES\n\n-RT &amp; Follow @sharksproms  (ğŸ””),Promoter,,,
3166008431,cryptomeks,105611,https://twitter.com/random/status/1471458544566292486,$50 GIVEAWAY | 24 Hours\n\nFollow @CryptoElwis @BitcoinZamani \n\nRT+FAV,Promoter,,,
891797270,misscrypt_,78816,https://twitter.com/random/status/1535868789803188224,$10 || 136k IDR in 2 HRS ã€½ï¸\n\nRT &amp; Follow @Amin_CHTR,Promoter,,,
1416152640,MrsunNFT,103734,https://twitter.com/random/status/1528790257650388993,ğŸ’¸$50 in 24 hours \n\n- RT &amp; Follow \n@Chympfighterz \n \n- RT &amp; Like ğŸ‘‰ their pinned ğŸ“Œ post,Promoter,,,
1.51679E+18,KANEKI_PROMOTER,43983,https://twitter.com/random/status/1533957791756521480,$50 | 750K - 24 HOURS â°\n\n- RT &amp; Follow @SteylorBot (ğŸ””),Promoter,,,
1.37797E+18,CryptoGamer4591,67716,https://twitter.com/random/status/1535278512382349312,@BunkeyButt @MrAnt728 @mrpyo1 This game isnâ€™t worth $70,No,,,
1.25147E+18,EssyBezzy,52128,https://twitter.com/random/status/1495750341140307968,$150 | 2.100.000 IDR in 12 Hours ğŸ¦„\n\n- RT &amp; Follow\n\n@cryptomusclejoe \n@EssyBezzy \n@ProjectUniti  \n@ImBitcoinRick,Promoter,,,
1.43381E+18,KrishwinPromos,75409,https://twitter.com/random/status/1517838684501864448,$5 â”Š â‚±235 â”Š 65000 IDR  âœ¦  180 min â°\n\nâ  RT. Like &amp; Rt @MrPirri  ğŸ“Œ,Promoter,,,
1.01597E+18,stochxnft,42543,https://twitter.com/random/status/1512338368822235144,ğŸ’° $300 / 3 Winners / 24 h\n\nâš¡ï¸ RT + Follow \n\n@nft_boyka\n@CuzzyNFT \n@sofynft\n@_PromoGod,Promoter,,,
1.07426E+18,hellojieya,40861,https://twitter.com/random/status/1535847613676654594,$1 | 14.000 IDR in 2 HOURS ğŸ“\n\nâ€” retweet + reply tag @luckyrecan,Promoter,,,
8.51103E+17,Crypto_Hawkk,424535,https://twitter.com/random/status/1535827514597441536,$200 || 2,Promoter,,,
180573522,biandipasquale,362974,https://twitter.com/random/status/1525111803067482112,JUST IN: Japanâ€™s biggest brokerage @Nomura ($496B AUM) starts offering #Bitcoin derivatives in Asia,No,,,
9.6822E+17,NFTOvanat,70852,https://twitter.com/random/status/1522579454974992386,@PartyHardNFT x1 NFT (~250$) Winner ğŸ†: @_DeeTom  \n\nCongrats! Contact @PartyHardNFT please\n\nâœ”ï¸ https://t.co/PHDju4qYBq,No,,,
9.73048E+17,wsh4idaho,67742,https://twitter.com/random/status/1480331656179425285,$20 in 120 minutes\n\n-RT + Follow @CawaiiCatsnft + Like/RT Pin ğŸ“Œ,Promoter,,,
9.5746E+17,MesiPromotes_,132569,https://twitter.com/random/status/1535831089989963776,$25 GIVEAWAY in 6 hours ğŸ¥‚\n\nâ€¢ RT,Promoter,,,
458866138,NasBitcoin,207106,https://twitter.com/random/status/1532255041775497216,$50 | 730.000 IDR  â€“ 4 Days ğŸ\n\nRT + Follow :  @DacxiCoin,Promoter,,,
1.49556E+18,DeathFiat,48862,https://twitter.com/random/status/1534029809516527618,$100 | 1.4 JT â€¢ 8 hrs â€¢ rt\n\nâ¡ï¸ Follow @DeathFiat https://t.co/f8KVTmdWhM,Promoter,,,
396231761,Digyst,49571,https://twitter.com/random/status/1530368544315256832,The First 2500 Interactions will be Considered for ğŸ¤”\n\n~ RT + Like &amp; Tag 3 Friends\n~ Follow @DemonixNFTs w ğŸ› https://t.co/AXeZ0JPsQ3,No,,,
9.8486E+17,MazeWandaX,264218,https://twitter.com/random/status/1531566868908998656,$100 GIVEAWAY in 24 hours â›µï¸\n\nâ€¢ RT,Promoter,,,
1.44683E+18,Xairouto,40099,https://twitter.com/random/status/1534178215681736704,$1 | 14.000 IDR â€¢ 1 HOURâ„ï¸\n\nâ€”RT ,Promoter,,,
1.39448E+18,Giveaway__Whale,123901,https://twitter.com/random/status/1518876766093250562,$50 GIVEAWAY \n\n- RT &amp; Follow @princesspromos_ + ğŸ””\n\nEnd 4 hours ğŸ’›,Promoter,,,
1.45524E+18,ragnarcallss,50930,https://twitter.com/random/status/1535918465579507712,$100 | ~ 12 HOURS\n\n- RT &amp; Follow @BattleRoyal0\n\n+ RT Like ğŸ“Œ,Promoter,,,
1.41706E+18,calixtagives,49310,https://twitter.com/random/status/1512791803132452866,$10 | â‚±490 | 135.000 IDR \n\nâ€” rt &amp; like @amangkings &amp; @forestan12 ğŸ“Œ\nâ€” rt + d1,Promoter,,,
1.40659E+18,Lunargives,101240,https://twitter.com/random/status/1535443856183152641,$50 - 10 HOURSâŒ› \n\n- RT + Follow @CubeDaily_ &amp; RT LikeğŸ“Œ,Promoter,,,
76926772,CryptoPad100x,368987,https://twitter.com/random/status/1535847671281307648,$50 â¤ï¸ RT in 6hours\n\nFollow @1winPro + RT/Like their ğŸ“Œ,Promoter,,,
1144876591,NeneGives,70884,https://twitter.com/random/status/1527899417604501504,$75 | x10 WHITELIST SPOTS in 8 hours ğŸ—\n\n- RT &amp; follow @WomenWorldWidee\n- Join https://t.co/22a2ynBMGo + Post proof https://t.co/XYV1RnCXmG,No,,,
1.47133E+18,miy68800648,49638,https://twitter.com/random/status/1517401014499876864,ğŸ’°$6,No,000)\nTo enter :\nâœ… Follow me and @MutantDogeA\nâœ… Like &amp; RT\nâœ…Drop your $ETH addressğŸ‘‡ https://t.co/sLM3lt4tfx,,
1.47932E+18,jejje113,119250,https://twitter.com/random/status/1535871164752744448,$10 | 140K | 60 MINS ğŸŒ»\n\n- RT &amp; RT LIKE @Brwenzie ğŸ“Œ,Promoter,,,
1.27593E+18,LeaningNFT,143934,https://twitter.com/random/status/1531999954348167169,$100 !! ğŸ’° 120 Minutes â° \n\nMUST BE FOLLOWING @LeaningNFT  \n\nRT This + â™»ï¸ #NFT #NFTGiveaway,Promoter,,,
1.41425E+18,PlasmaCrypto,143987,https://twitter.com/random/status/1464618392397258762,$200 NFT  â€¢ RT â€¢ 48 Hours ğŸ¶\n\nâœ… Follow @mightymuttsnft \nâœ… Join the Discord https://t.co/j1NjgAc6yG https://t.co/5YtYsFp61b,No,,,
631010055,kaliversion,64370,https://twitter.com/random/status/1535684381691416577,$3 | 42K IDR ~ 1 HOUR\n\n- RT + Comment @BscSuperAltcoin ğŸ“Œ,Promoter,,,
1.31484E+18,uadnft,51392,https://twitter.com/random/status/1521253872542621697,1 Winner | $60 $ETH | 12 Hours â°\n\nâ¤ï¸ + rt â™»ï¸ + follow me @kunaieth \n\nComment your @ApeReunion NFT for a bonus entry â›©ï¸,Promoter,,,
218062002,CryptoBooster_7,283646,https://twitter.com/random/status/1532552574225616896,$150 | 2,Promoter,000 IDR  24 HRS \n\n_ RT &amp; Follow @PrimeXBT &amp; rt this quote tweet below ğŸ‘‡ğŸ» https://t.co/ceOLjyrOob,,
9.43534E+17,JpegAmyer,76866,https://twitter.com/random/status/1530368142123446272,The First 2500 Interactions will be Considered for ğŸ¤”\n\n~ RT + Like &amp; Tag 3 Friends\n~ Follow @DemonixNFTs w ğŸ› https://t.co/AXeZ0JPsQ3,No,,,
8.17797E+17,SafeMoonRich,262633,https://twitter.com/random/status/1533866554881974273,$20 in 60 minutes\n\nRT,Promoter,,,
17340970,lexie_giveaways,70805,https://twitter.com/random/status/1528378614860992514,GIVEAWAY $4 : 56.000 IDR\n\nâ€” RT &amp; follow @okayloomdarts,Promoter,,,
1.36998E+18,MiraPromos,43104,https://twitter.com/random/status/1531944870126174209,$20 | 272.000 idr GIVEAWAY | 4 Hrs â³\n\nğŸƒ RT | Follow me &amp; @ChrisSpinsSlots,Promoter,,,
1.23253E+18,CRYPTOPROM0S,231429,https://twitter.com/random/status/1503879531614343170,$20 in 90 minutesğŸ’¸\n\nFollow @ANONSHIB &amp; RT ğŸ“Œ,Promoter,,,
22326646,LiTOfficiall,209915,https://twitter.com/random/status/1535412119360851968,$7.77 $TRX to someone in 3 hours. Just RT this,No,,,
1.52829E+18,CryPoq,71323,https://twitter.com/random/status/1535566739060269058,$10 || â€¢ || 1 HOURS \n\n-RT &amp; Follow @CryptoGems94,Promoter,,,
1.46559E+18,OfficialAnggain,50894,https://twitter.com/random/status/1509515963594539011,$10 | 140.000 IDR ğŸ\n\nRt ,Promoter, Like + Comment their ğŸ“Œ tweet\n\nEND 60 MENIT â³\nGood luck!,,
4574226553,GlazeCrypto,282133,https://twitter.com/random/status/1535866614562041856,$100 giveaway ~ RT in 24 hrs\n\nâ˜‘ï¸ Follow @BingXOfficial + rt ğŸ“Œ,Promoter,,,
248055550,cryprules,144901,https://twitter.com/random/status/1535835806849703938,$15 | 210.000 IDR ~ 2 HOURS\n\n~ retweet\n~ rt &amp; like @cryptobri_ ğŸ“Œ,Promoter,,,
1.3045E+18,bitcoindinos,168702,https://twitter.com/random/status/1535216283230380032,$20 ğŸ¦– 2 hours.\n\nğŸ”¸ RT +  Follow @CryptoJimmybraz \n\nğŸŒ´ ğŸ¦–ğŸŒ´,No,,,
2437453647,iammaleekpholly,63429,https://twitter.com/random/status/1535671035458162688,@Benzema It will cost you $0 to retweet my artworksâ¤ï¸ğŸ™ My customers might be on your TLğŸ˜Š https://t.co/I2qfgzknDb,Promoter,,,
1.50968E+18,CantBeatNFT,73801,https://twitter.com/random/status/1530193329266298880,$50 | 700K ~ ends in 6 hours \n\nâ€¢ RT &amp; Follow @_RocketNFT,Promoter,,,
1.24968E+18,CalliNFTs,119845,https://twitter.com/random/status/1516714616621268996,$50 ~ 12 Hours\n\n- rt &amp; follow  @AscendEX_India,Promoter,,,
3306286357,gemhost,238693,https://twitter.com/random/status/1531968955027533824,$25 | 350K ~ ends in 6 hours \n\nâ€¢ RT + Follow @luchowswap\nâ€¢ RT Their ğŸ“Œ,Promoter,,,
1354389133,FatherPromos,101012,https://twitter.com/random/status/1389340320605814793,$100 | one winner | ends in 24 hours\n\nRT,Promoter,,,
396349552,CaptainShiller,80075,https://twitter.com/random/status/1530910065829457920,$10 | 140K | 2 HOURS\n\nRT + RT / LIKE @Captainclaimss ğŸ“Œ,Promoter,,,
1.49118E+18,RobinsGiveaways,52337,https://twitter.com/random/status/1503053538972344323,$10 | - 8 HOURS\n\nRT &amp; Follow @Degenomics2000,Promoter,,,
9.25562E+17,shiexvii,143685,https://twitter.com/random/status/1498672214484619268,$50 Giveaway! \n\n-Rt this tweet and follow @CalliNFTs \n\nMust be following me\n\nEnds in 12 hours,Promoter,,,
1.47812E+18,meny_eth,86494,https://twitter.com/random/status/1526167102712946689,$200 reward ~ Ends in 48hours â°\n\n1.  Join Discord  https://t.co/z5QIUO1Vx9\n2. Retweet &amp; Follow Me @AnifieNFT \n3. Drop Wallet Address,Promoter,,,
1.23565E+18,CryptoGirlReal,345357,https://twitter.com/random/status/1512734176029835269,ğŸ’° $20 | 287.000 IDR in 24 HoursğŸ¦‹\n\nğŸ”¹ RT &amp; Follow @VelasIndonesian.,Promoter,,,
1.26567E+18,angel_funsized,159713,https://twitter.com/random/status/1535841655324037120,$150 | 24 hours\n\n($75) RT + Follow @PrimeXBT\n\n($75) Follow Reddit (Post proof)\nhttps://t.co/op5xpBhikE https://t.co/HRwzwPNj0u,Promoter,,,
957257923,TheDiamondNFT,48666,https://twitter.com/random/status/1531793412470542336,@lazythings 3x WL Winners ğŸ†\nâ€¢ @gnathok\nâ€¢ @Shillervikki40\nâ€¢ @mortihidra\n\nâœ”ï¸ Twitter Picker ID: mavy5456\n\nDM @lazythings to claim your prize ğŸ’,No,,,
1.27908E+18,CryptoCallista,105911,https://twitter.com/random/status/1535845713816326144,$15 | â‚±735 | 202.500 IDR â€¢ 4 HRS ğŸ’«\n\n- RT + RT &amp; Like + tag 3 friends on @PantherQuant's ğŸ“Œ,Promoter,,,
1.396E+18,CryptoQueenDM,240300,https://twitter.com/random/status/1524590517329494017,$30 | 420.000 IDR â€¢ 3 HOURS ğŸ¸\n\n- RT this &amp; LIKE @CryptoQueenDM ğŸ“Œ,Promoter,,,
1.38966E+18,SarahPromotions,258062,https://twitter.com/random/status/1535936461614112768,$75 ~ 12 HoursğŸ’\n\n- RT &amp; Follow @UpperdeckNet\n\n- Join TG + Proof https://t.co/uJ423IaddA,Promoter,,,
109498457,bricepromos,239898,https://twitter.com/random/status/1533051712675758080,$100 in 24 hours ğŸ‘»ğŸŒ¶\n\n-RT + Follow @trondao \n\n-RT/Like Quoted Tweet ğŸ‘‡ https://t.co/QGSfgE8Ipn,Promoter,,,
1954313480,bravepromote,666625,https://twitter.com/random/status/1535774329258262528,$30 in 180 minutes\n\nâœ… RT &amp; Follow @ApeInPoker \nâ–¶ï¸RT &amp; Like their pin ğŸ“Œ,Promoter,,,
1603462730,BlxrryNFT,95114,https://twitter.com/random/status/1530390851867885569,The First 2500 Interactions will be Considered for ğŸ¤”\n\n~ RT + Like &amp; Tag 3 Friends\n~ Follow @DemonixNFTs w ğŸ› https://t.co/AXeZ0JPsQ3,No,,,
1.45397E+18,hermionegives,54868,https://twitter.com/random/status/1535876916380504065,$3 | 37.000 IDR in 90 MINS ğŸ™‡ğŸ»â€â™€ï¸\n\n- RT + RT &amp; Like @cryptobri_ ğŸ“Œ,Promoter,,,
3609902896,altnftworld,60634,https://twitter.com/random/status/1515962537468391425,$200 | 1.250.000 IDRğŸ’°â€¢ 24H\n\nâ€¢ rt,Promoter,,,
1.14755E+18,gnrcrypto,44207,https://twitter.com/random/status/1529091977416822785,$10 in 60 mins!\n\n- RT and follow @maxter_crypto \n@BenCryptwo,Promoter,,,
1.39213E+18,MaddoxETH,65320,https://twitter.com/random/status/1515638332377776132,ğŸ‰ $50 Giveaway ğŸ’°\n\nâœ”ï¸ RT,Promoter,,,
1.42508E+18,JayTheGaHost,147438,https://twitter.com/random/status/1535865592238198785,$15 | 210K IDR ~ 3 HOURS\n\n- RT like &amp; Follow @rarefish_market,Promoter,,,
2741998566,Crypt0Mastr_,80431,https://twitter.com/random/status/1536040610863337472,$15 | 210K | 120mins\n\nRT ,Promoter,,,
4583331132,PsyJayCrypto,342068,https://twitter.com/random/status/1535496314129043456,$50 Giving in 6 HOURS \n\nRT &amp; Follow @ZhangLiHuobi &amp; Like+RT their pinned,Promoter,,,
859565424,cryptodean_,91441,https://twitter.com/random/status/1511575520101687297,$100 | 2,Promoter,,,
1.4856E+18,HarleyProm_,133699,https://twitter.com/random/status/1514397514698567680,$150 | 12 hours ğŸ”¥\n\nâ€¢ RT &amp; Follow @EShib_token + RT their pin ğŸ“Œ https://t.co/CkB9tvEi5T,Promoter,,,
1594865708,jimmyNFTs_,66930,https://twitter.com/random/status/1514333310398443520,$200 $SOL,Promoter,,,
1.42621E+18,hidup_cuma,42705,https://twitter.com/random/status/1535578009532370944,20K | $1.4 | 30 Mins\n\n- RT + Follow @xdhwn\n\nGoodluckğŸŒ¹,Promoter,,,
588626966,xFluxsi,102691,https://twitter.com/random/status/1530390713413865474,The First 2500 Interactions will be Considered for ğŸ¤”\n\n~ RT + Like &amp; Tag 3 Friends\n~ Follow @DemonixNFTs w ğŸ› https://t.co/AXeZ0JPsQ3,No,,,
1.36377E+18,HwanniePromotes,275095,https://twitter.com/random/status/1533063570925031424,$100 || 1,Promoter,,,
235522474,Marksmith1M,142310,https://twitter.com/random/status/1522116799483031552,$10 | 145.000 IDR  â€“ 2 HOURS ğŸ”±\n\n- RT &amp; Follow :  @S_crypto1,Promoter,,,
1.52199E+18,LuminNFTs,46176,https://twitter.com/random/status/1527647331184689153,$200 | 2900000 IDR ğŸ’°â€¢ 24 hrs\n\nâ€¢rt,Promoter,,,
1.43501E+18,nonfacs,68343,https://twitter.com/random/status/1531271308452974595,ğŸ’°$50 GiveawayğŸ’° \n\n1ï¸âƒ£follow @RageOnWheels\n2ï¸âƒ£tag 2 friends \n3ï¸âƒ£RT+Like\n\n#Solgiveaway #SOL #Ethgiveaway https://t.co/m9JjrFxzrp,Promoter,,,
2942872475,4dynastyrich,144092,https://twitter.com/random/status/1535889616280203265,$50 | 700.000 IDR | 12 HOURS\n\nRT+Follow @mile62nft &amp; RT ğŸ“Œ,Promoter,,,
1.40215E+18,FoxGives,150842,https://twitter.com/random/status/1535479382692741120,$250 | 3.500.000 IDR | 48 HOURS\n\n($100)\n- RT &amp; Follow @stake_share\n\n(+$150 Bonus)\n- Join Discord (Post Proof)\nhttps://t.co/kioAlUHNH0,Promoter,,,
1.26024E+18,GHOOFYNFT,106393,https://twitter.com/random/status/1512198053251452932,$500 2 Winner ğŸ’°\n\nRT + Follow @GHOOFYNFT ğŸ””,Promoter,,,
1.37788E+18,Jopromote,120603,https://twitter.com/random/status/1535849492528119808,$7 | 98.000 IDRğŸ’°â€¢ 60 MINS\n\nâ€¢ rt this + rt,Promoter,,,
1.47142E+18,AliyaCrypto,127730,https://twitter.com/random/status/1533051836659384322,$100 | 1.400.000 IDR | 24 HOURS\n\nRT &amp; Follow @cosmos_heroes,Promoter,,,
295619398,vn_fps,61147,https://twitter.com/random/status/1535464003790675970,2 Free Mints | Darkness is Upon Usâ€¦\n\n~ RT + Like &amp; Tag 3 Friends\n~ Follow @DemonixNFTs w ğŸ›\n\n#NFTCommunity #FreeMint https://t.co/YSPQwpcIkZ,No,,,
1.37908E+18,Cryptocapitalq,61311,https://twitter.com/random/status/1517948401429934080,giveaway 40$ | 574,Promoter, RT &amp; follow @smallcappick (Proof) \n\nends in 4 hours good luck ğŸ§œâ€â™€ï¸,,
1206028694,ShinaFloria,140119,https://twitter.com/random/status/1529000623663898625,ğŸ Giveaway $250 ğŸ’¸ \n\nâœ… RT &amp; Follow @Laydeeznft  @DeezNutzNFT \n\nends in 24 hours â³ good luck âœ¨,Deleted,,,
1.30467E+18,NinangAnne,56039,https://twitter.com/random/status/1532350088789770240,$5 | â‚±250 | 3hrs \n\nâ€” Rt ,Promoter,,,
1.47187E+18,promotergr,233516,https://twitter.com/random/status/1532760132278714368,$60 or 840rb Giveaway || 6 hrs ğŸŠ\n\nRT  this + Like &amp; RT @RPGNFT1'sğŸ“Œ,Promoter,,,
1.34535E+18,liza_promotes,50684,https://twitter.com/random/status/1535876582153527297,$4 || 54K IDR â€¢ 4 HOURS ğŸŒ¿\n\nâ€” RT &amp; Follow @NFT_Challenge_ (ğŸ””),Promoter,,,
7.95985E+17,DannyCryptoGA,209157,https://twitter.com/random/status/1518897680990187520,$100 Giving in 24 HOURS\n\nRT &amp; Follow @AlphaKongsClub,Promoter,,,
7.11114E+17,Micopromotes,117562,https://twitter.com/random/status/1539602733850042369,$50 ~ 9 Hours\n\n- Rt &amp; Follow @DaddyskinsCSGO,Promoter,,,
1.3552E+18,CCPromote,82804,https://twitter.com/random/status/1530460502630989824,The First 2500 Interactions will be Considered for ğŸ¤”\n\n~ RT + Like &amp; Tag 3 Friends\n~ Follow @DemonixNFTs w ğŸ› https://t.co/AXeZ0JPsQ3,No,,,
1.28442E+18,CyprusCrypto1,237883,https://twitter.com/random/status/1470746842707030024,$25 in 120mins\nFollow @Zaaid08 @sirsameer28 \nRT this,Promoter,,,
1.15627E+18,ladyincrypto,382092,https://twitter.com/random/status/1535933053549551618,$50 GIVEAWAY ~ 4 HOURS â³ï¸ \n\n- RT &amp; Follow @Nymeriaeth + RT ğŸ“Œ,Promoter,,,
1.38703E+18,CryptoBarnuts,108233,https://twitter.com/random/status/1534181525612535809,$20 || 1 WINNER || 4 hours\n\n- RT + Follow @EliteFourArt \n- RT their pinned tweet ğŸ“Œ,Promoter,,,
1.4944E+18,bluwzz5,46857,https://twitter.com/random/status/1530369028606332928,The First 2500 Interactions will be Considered for ğŸ¤”\n\n~ RT + Like &amp; Tag 3 Friends\n~ Follow @DemonixNFTs w ğŸ› https://t.co/AXeZ0JPsQ3,Promoter,,,
451166715,BullishBulldog,77947,https://twitter.com/random/status/1431561859258150920,$200 or iPhone 6s plus Giveaway ğŸŒŸ\n\nRT and follow : \n\n@CiaraHuobi \n@ayzofbase + rtğŸ“Œ\n \nEnds in 48 hours. https://t.co/ULzdMzOWIk,No,,,
1.26697E+18,lizpromotion,93244,https://twitter.com/random/status/1509444337230557192,$10 | 135k IDR | 460 Php ğŸ’«ğŸ€\n \n-RT &amp; follow @MoonSkyCrypto \n-Like ğŸ“Œ,Promoter,,,
8.21019E+17,vibe5viral,156075,https://twitter.com/random/status/1533417569285472256,$10 - 60 mins âœ¨\n\n- RT + FOLLOW @ClioneFriends,Promoter,,,
1.41461E+18,Lovelyhost,167073,https://twitter.com/random/status/1532285771541278720,$80 giveaway || 16 hours\n\n$40\nâ¡ï¸ RT &amp; Follow @Oases_NFT\n\n$40 if you:\nâ¡ï¸Join discord: ( reply proof) \nhttps://t.co/PrEMGSnxBB.,Promoter,,,
1.39394E+18,CryptoEmpireHQ,47169,https://twitter.com/random/status/1520546962990325762,@angel_funsized @SouthernDeFi $50 in 150 minutes â€¼ï¸\n\nRT + follow me,No,,,
1.46574E+18,Jimhayeskingdom,50208,https://twitter.com/random/status/1520529208153456640,$30 â€¢ 420K â€¢ 5 HRS ğŸ’\n\n- RT &amp; Follow both\n\n@IncomeBear \n@Jimhayeskingdom,Promoter,,,
1.48754E+18,TRexSocial,60169,https://twitter.com/random/status/1527671786581929985,$75 | 5 Hours ğŸ”¥\n\n- RT &amp; Follow @1winPro\n- RT &amp; Like their pinned ğŸ“Œ,Promoter,,,
2355515174,LandenNFT,204700,https://twitter.com/random/status/1530368036397621248,The First 2500 Interactions will be Considered for ğŸ¤”\n\n~ RT + Like &amp; Tag 3 Friends\n~ Follow @DemonixNFTs w ğŸ› https://t.co/AXeZ0JPsQ3,No,,,
1.36573E+18,Cryptoishaz,114064,https://twitter.com/random/status/1535990678416592902,$50 in 24 hours\n\nâˆš RT + Follow @Crypto_QueenBit\n\nâˆš RT/Like &amp; Comment on their ğŸ“Œ,Promoter,,,
1.19011E+18,CryptoGod1101,99867,https://twitter.com/random/status/1501009738464649226,$50 in 4 hours ğŸŒ¥ï¸â˜”ï¸ğŸ’¨\n\n-RT + follow\n\n@IpekSamurai + @Hunter_samurai1,Promoter,,,
1.17673E+18,Evil_Promoter,86843,https://twitter.com/random/status/1534882111098060801,$150 in 18 hours (Reroll)\n\nRt + Follow @WealthyTeds \n\n#Sponsored #Ad #DYOR,Promoter,,,
439714057,beaianaa,95189,https://twitter.com/random/status/350053614179467265,Happy birthday @shaniaJKT48 :)) semoga makin sukses dgn JKT48,No, dan bahagia selalu ~ â™¥ #HBD15thSmilingEyesJKT48,,
910170146,furrincrypto,332291,https://twitter.com/random/status/1535860585442705408,$150 | 2.1 JT ~ 36 HOURS ğŸ¦ªğŸœ\n\n($75)\n-RT &amp; Follow @NoVa_BTL \n\n(+$75)\n-Join Discord ğŸ‘‡ (proof)\nhttps://t.co/YRfumMXqdN https://t.co/F9G2N5cXir,Promoter,,,
1.36124E+18,resaalfny,141024,https://twitter.com/random/status/1535843397356834816,$10 | 140K ~ 1 HOUR\n\nâ€” RT &amp; RT/Like @sofizamolo ğŸ“Œ,Promoter,,,
615496813,jpegdark,80755,https://twitter.com/random/status/1530414099426951168,The First 2500 Interactions will be Considered for ğŸ¤”\n\n~ RT + Like &amp; Tag 3 Friends\n~ Follow @DemonixNFTs w ğŸ› https://t.co/AXeZ0JPsQ3,No,,,
1.39684E+18,necuritynft,104779,https://twitter.com/random/status/1528538694788980736,$100 â€¢ 3 winners\n\n- RT + Like\n- RT,Promoter,,,
1.4501E+18,kloogives,102828,https://twitter.com/random/status/1535907442923433984,$20 | 280.000 IDR in 10HOURS\n\nRT &amp; follow @ChrisSpinsSlots,Promoter,,,
1.44141E+18,Vi0linG,40774,https://twitter.com/random/status/1535419196875603974,ğŸ’¸ 25.000 IDR ll Giveaway\n\n- RT\n- Like @CryptosHeaven1 ğŸ“Œ\n\nEnd in 2 hours. Goodluck! ğŸ¡,Promoter,,,
1.43341E+18,autumngives,73873,https://twitter.com/random/status/1535929504761229314,$5 | 67.500 IDR | 2 HOURS\n\n- RT &amp; Follow @gemhostglobal ğŸ””,Promoter,,,
1.0745E+18,FinalAyyMG,367284,https://twitter.com/random/status/1535532279551909889,$100 Giveaway | 24 Hours\n\nâ€¢ Retweet &amp; Follow @SarahPromotions w/ ğŸ””,Promoter,,,
1.38748E+18,Roostergives,135412,https://twitter.com/random/status/1535479619247345668,$250 | 3.500.000 IDR | 48 HOURS\n\n($100)\n- RT &amp; Follow @stake_share\n\n(+$150 Bonus)\n- Join Discord (Post Proof)\nhttps://t.co/kioAlUHNH0,Promoter,,,
1.43991E+18,bitegives,51739,https://twitter.com/random/status/1514967274884542472,$7â”†â‚±350â”†100.000 IDR \n\n- rt &amp; follow @KylieProms ğŸ”” \n\nend 60 mins.,Promoter,,,
1.36305E+18,LockedInTeam,44706,https://twitter.com/random/status/1510660344829849600,$15 | 690 PHP | 202.500 IDR \n\nRT + Follow @NaruMove2Earn \nRT/Like their pinned too \n\nENDS IN 2 HOURS\n\nâ€”â€”â€”â€”â€”â€”â€”â€”â€”â€”â€”â€”â€”\n#LiTğŸ”¥,Promoter,,,
1.47584E+18,nikisanproms,41592,https://twitter.com/random/status/1535602547716595712,$1 | 14.000 IDR | 2 HRS âœ¨\n\n-RT &amp; Follow @celestiaIriki\n\n(feel free to tag her on giveaways),Promoter,,,
1.34714E+18,princesspromos_,276663,https://twitter.com/random/status/1535571441093332992,$50 â€¢ 700K | 4 HOURS\n\nRT + Follow @CryPoq (ğŸ””),Promoter,,,
9.2315E+17,cointina,57363,https://twitter.com/random/status/1449603677241548804,$150 GIVEAWAY ~ 36 HOURS â³\n\n($100)\n- RT &amp; Follow @Coinswap_ + RT ğŸ“Œ \n\n(+$50)\n- Join Telegram (post proof)\nhttps://t.co/abPRf7Yh7i,Promoter,,,
1.43483E+18,SeGives,41392,https://twitter.com/random/status/1535883645520838656,$10 | 135.000 IDR | 6 HOURS\n\n- RT &amp; Follow @woodlandrz,Promoter,,,
1.24793E+18,Andrew92SG,125248,https://twitter.com/random/status/1535239756665085952,$10 | 20 mins ğŸ¤‘\n\nRT,Promoter,,,
2203154467,Ape_Iroman_Nft,63217,https://twitter.com/random/status/1497835351246663680,ğŸ’·$100 Giveaway + 1 NFT in 48 hoursğŸ’·\n\nâœ…RT &amp; Like\nâœ…Follow @ethereumarm_nft\nâœ…Tag friends\n\n#NFTGiveaway #ETH https://t.co/sVwnV53xH2,No,,,
158022096,cryto_billy,271607,https://twitter.com/random/status/1523316944299970560,$100 ~ 24 Hours\n\nâœ… Rt &amp; follow @PharaGods + \n      Rt + like their pinğŸ“Œ https://t.co/JJPXh6OoJM,Promoter,,,
336957898,dexynft,688858,https://twitter.com/random/status/1534821251138703361,$20 | 60 mins ğŸ¤‘\n\nRT,Promoter,,,
1.44693E+18,MADMarketingX,336533,https://twitter.com/random/status/1529789128585388032,Iâ€™ll give $150 to one person in 24 hrs\n\n- RT &amp; Follow | @CoinTigerEX\n- RT ğŸ“Œ,Promoter,,,
1.50004E+18,Balakurwo,58678,https://twitter.com/random/status/1535931170051231744,$5 || 70.000 IDR || 3 hours\n\nRT \n\nComent &amp; RT @JaguarSolcity  on ğŸ“Œ,Promoter,,,
1.11205E+18,jackerscrypto,104687,https://twitter.com/random/status/1535875477495218182,$15 | 210.000 IDR IN 90MINSğŸ\n\n~ rt,Promoter,,,
1.49061E+18,Kassypromo,58851,https://twitter.com/random/status/1524181049575882752,$ 10 ll 140,Promoter,,,
977774432,NFT_Dispatch,96691,https://twitter.com/random/status/1532196378046251008,$1000 ğŸ†\n\nRT + Like @Vaseart ğŸ“Œ,Promoter,,,
1.30372E+18,sipvalen,44784,https://twitter.com/random/status/1535266319771529217,$2.5 | 35.000 IDR ~ 60 MINS\n\n- RT Like &amp; Follow @guinesher,Promoter,,,
1.45515E+18,FrenchDegen,42364,https://twitter.com/random/status/1468644148362289156,ğŸ #Giveaway $50 / 12H ğŸ\n\nJoin ğŸ”¥: \n1âƒ£ Follow @MouseGangNFT \n2âƒ£ RT &amp; Like,Promoter,,,
1.44033E+18,conawson,43882,https://twitter.com/random/status/1535906522135339008,$1.4 | 20.000 IDR  â€¢ 5 HOURS ğŸŒ¸\n\nâ€¢ like &amp; RT tweet ğŸ‘‡ğŸ»\n \nâ€¢ reply E\n\n( draw with @swinpi ) https://t.co/g7Jeen1Hro,Promoter,,,
9.15334E+17,MartyBrown_C,217999,https://twitter.com/random/status/1515393063027359744,$100 GIVEAWAY IN 24 HOURS\n\n- RT &amp; Follow @HangoutMeta + RT ğŸ“Œ,Promoter,,,
323032855,iCryptoFran,136599,https://twitter.com/random/status/1534472748306640896,$30 in 180 Minutes ğŸ”¥\n\nRT &amp; Follow @xpressionthemc &amp; @blackkingkofi,Promoter,,,
1.4541E+18,SalvMun,44346,https://twitter.com/random/status/1535992188429008897,$ETH ~ 1 Winner ~ 5 Hours \n\nâ¤ï¸ + â™»ï¸ + Follow @LucyferNFTs,Promoter,,,
1.44307E+18,bellahost__,81567,https://twitter.com/random/status/1535573084786532353,$10 || 140k IDR - 4 HOURS\n\nRT + Follow @AmircoinEx,Promoter,,,
1.43653E+18,CG_Contest,59318,https://twitter.com/random/status/1536005721082707970,Odading $80 | 1,Promoter,Follow \n@SoulsOfSolana + RT,Like &amp; Tag friends on ğŸ“Œ\n\nLet's Go Cyn.. ğŸ’«ğŸ’«ğŸ’«,
367827770,Knoxiee_,75585,https://twitter.com/random/status/1535853853530152965,$20 | 280K IDR in 6HRS!\n\nâ€” RT + Follow @presearchnews  &amp; tweet #presearch ( drop proof ),Promoter,,,
1695454987,nft_rafaa,47689,https://twitter.com/random/status/1505695941877276672,$300 in 72 hours ğŸ¦ğŸ¼\n\n-RT + follow @PetalsVideo,Promoter,,,
1.30832E+18,MegaEvo1ution,53044,https://twitter.com/random/status/1532285542419021824,AMA with @Gemie_Official\n~!! Official Start ğŸŒŸ \nì œ ìŠ¤í˜ì´ìŠ¤ì— ì°¸ì—¬í•´ ì£¼ì„¸ìš”! https://t.co/UUIexl5UkB,No,,,
1.18834E+18,87sensei,58458,https://twitter.com/random/status/1536002975369285632,$12  | 15 hours ğŸğŸ\n\nRT + RT  Like &amp; Comment â€œ !Yo #CuBeanz â€œ on  @CubeanzSan last 2 tweets,Promoter,,,
1.39666E+18,CrunchNFT,86060,https://twitter.com/random/status/1518708416314806272,ğŸActivity ContestğŸ\nğŸ¤¯Up to 1 BNB reward (~$400)ğŸ¤¯\n\nâœ…Likeâ¤ï¸â€ğŸ”¥ &amp; RTâ™»ï¸\nâœ… Follow @EventBnb\n\n#Binance  #Giveaways  #BNB  #Ethereum  #BTC,No,,,
2461024339,jinjimetaX,55804,https://twitter.com/random/status/1528610067083190272,$100 | PHP 5K | 1.400.000 IDR\n\nRT and Follow @MetaNept \n\nEnds in 24hrs â›©ï¸ğŸ’—,Promoter,,,
1.48218E+18,nftzf,45453,https://twitter.com/random/status/1528016284314640384,$75 | 1,Promoter, @GizzyNFT,,
189285276,KeiraPromotes,48815,https://twitter.com/random/status/1520571463044001792,$50 GIVEAWAY! ğŸ\n\nâœ… RT this\nâœ… Follow @FrenchieBallers\nâœ… Reply done,Promoter,,,
1.48849E+18,shangives,48641,https://twitter.com/random/status/1536188521563955200,$5 | 67.500 IDR â€¢ 8 HOURS! ğŸ¥‚\n\n- RT &amp; Follow @_EricLamarBeatz,Promoter,,,
9.30401E+17,JpegWyatt,44230,https://twitter.com/random/status/1530368245739446272,The First 2500 Interactions will be Considered for ğŸ¤”\n\n~ RT + Like &amp; Tag 3 Friends\n~ Follow @DemonixNFTs w ğŸ› https://t.co/AXeZ0JPsQ3,No,,,
1.40743E+18,EvanNftPromos,71242,https://twitter.com/random/status/1470920657500266499,$200 giveaway going on at @metaboysNFT \n\nInteresting art and a project I will have my eyes on. \n\nDYOR https://t.co/Rl5FIOD84t,No,,,
6.98426E+17,amangkings,101716,https://twitter.com/random/status/1511046584632758272,ğŸ’¥ GIVEAWAY #DGR ~$5 | ~260 PHPÂ  | ~71.500 IDR\n\nğŸ’« Retweet + Follow ğŸ”” @DGRCoin ğŸ“Œ\n\nEnd ~24 hour â°,Promoter,,,
1.26946E+18,promotionfairy,72058,https://twitter.com/random/status/1535826572741312512,ğŸ’ $75 || â‚±3,Promoter,,,
1.20353E+18,jesugarmy,56920,https://twitter.com/random/status/1522599133575483393,ğŸ Giveaway ğŸ\n\n200$ | 2,Promoter,000 IDR\n\nRT &amp; follow @ProfessorJPEG_\n\nâ³Ends 72hrs Good luck  ğŸ€ğŸ€,,
1.51591E+18,khaipromos,85201,https://twitter.com/random/status/1534899691518775298,$7 | 100K IDR â€¢ 2 HOURS\n\nRT &amp; Follow @Balakurwo,Promoter,,,
1.3387E+18,YnahGives,119606,https://twitter.com/random/status/1535842443748265985,$50 GIVEAWAY\n\nâ€” RT + Follow @zbb_eth \n\nends in 18hrs,Promoter,,,
1.30111E+18,Promo_Advisor07,44736,https://twitter.com/random/status/1439281917816233985,$100 | 1.400.000 IDR | P4700 | Samsung Galaxy A10s âœ¨\n\nRT + Follow @Henry_Wayat \n\nEnd 24 hour https://t.co/IPESe9nVez,Promoter,,,
1.42103E+18,michgives,66310,https://twitter.com/random/status/1535878450669490177,$4 | 200 PHP | 54.000 IDR\n\nRT,Promoter,,,
955190844,CryptoArch1tect,553344,https://twitter.com/random/status/1535494866527920129,$50 Giving in 6 HOURS \n\nRT &amp; Like+RT @TheForeverWar pinned,Promoter,,,
104060463,MadSkyX,137562,https://twitter.com/random/status/1529789146834694144,Iâ€™ll give $150 to one person in 24 hrs\n\n- RT &amp; Follow | @CoinTigerEX\n- RT ğŸ“Œ,Promoter,,,
603907729,JinxMarketing,74286,https://twitter.com/random/status/1510468093897814017,$100 | 1.4JT ~ ends in 4 hours\n\nâ€¢ RT + Follow @RositaNFT \n\nTurn notifications on ğŸŒ¸,Promoter,,,
1.39323E+18,Phoenixpromote,44797,https://twitter.com/random/status/1435639593173352452,GIVEAWAY $30 â€¢ 10 HOURS â€¢ (2)\n\n-RT\n-Follow:\n\nâ€¢@CryptoGA_Arena + RTğŸ“Œ\nâ€¢@SuperFuelToken\nâ€¢@TheDefiJedi,No,,,
1155120696,SouthernDeFi,300688,https://twitter.com/random/status/1535890952669347840,$150 | 24 Hours\n\n$75 | RT + Follow @PrimeXBT \n\n$75 | Join Reddit:\nhttps://t.co/oFmNJ8Iql5\n\n{#PostProof} https://t.co/aYUIqeHiDi,Promoter,,,
1.45915E+18,HoonsyPromotes,41377,https://twitter.com/random/status/1535870282455719938,$2 | â‚±100 | IDR GIVEAWAY ğŸ§§\n\nâ€” RT,Promoter,,,
1.07214E+18,cryptovenizo,144498,https://twitter.com/random/status/1475839131087343625,Giveaway $75 or 1Jt in 24hrs\n\n|| Retweet + Follow @defi_farmers\n|| Retweet their ğŸ“Œ\n\nTag 3 friends ğŸˆ,Promoter,,,
1.3682E+18,penguinpromotes,98628,https://twitter.com/random/status/1532672746958000133,$10 || 130.000 IDR â€” 2 hrs ğŸ«¶ğŸ»\n\nRT &amp; follow @princesspromos_ (ğŸ””),Promoter,,,
1.39596E+18,hodlthechillguy,40679,https://twitter.com/random/status/1413700041521336321,ğŸ’µ $10 GIVEAWAY ~ 180 MINUTES â°\n- Just RT &amp; follow me &amp; follow @gemsondemand,Promoter,,,
1.36203E+18,azaleashine,91676,https://twitter.com/random/status/1504109354366103567,$20 | 280.000 IDR. ~ 24 hours.ğŸ³\n\n- rt &amp; follow \n@smallcappick + rtğŸ“Œ\n@dominicVEMP + rt ğŸ“Œ,Promoter,,,
1.45949E+18,cloudgemz,159298,https://twitter.com/random/status/1535918266299736065,$500 | 7.000.000 IDR | 7 Days\n\n- RT &amp; Follow \n\n@NeonGodsNFT \n@SkylandNFTs \n@MTVerse_NFT  \n@moonpromos https://t.co/lqTUzTkP0o,Promoter,,,
1.42719E+18,megsgives,45620,https://twitter.com/random/status/1534511342807199744,$20 | 248.000 IDR ~ 24 HRS\n\n- RT &amp; Follow @angryalienclub,Promoter,,,
1.43856E+18,_CRYPTO_RAPTORS,118337,https://twitter.com/random/status/1516704010014982146,ğŸš¨ #NFTGiveaway worth $50ğŸš¨\n\n1ï¸âƒ£Like\n2ï¸âƒ£RT \n3ï¸âƒ£Follow @CartPartClub &amp; Me \n\n24 Hours â° https://t.co/8YGDR8OpeD,No,,,
1.21171E+18,PandaPromotes,45650,https://twitter.com/random/status/1522185691689537537,$4 ~ 30 minutes \n\nRT + Follow @pannnft,Promoter,,,
808943209,aceno_eth,50153,https://twitter.com/random/status/1519104000800567300,$15 | 210.000 IDR IN 2HOURSğŸ\n\n~ retweet\n~ rt &amp; like @aceno_eth ğŸ“Œ,Promoter,,,
442633210,GalacticPromos,53461,https://twitter.com/random/status/1430279148648292357,Giveaway: $30 || 230 rb \n\nâ€¢RT,Promoter,Follow me + \n\n@RuffleyCrypto\n + RT, Like His pinned \n\nğŸ”Š12 hours , 8:45 AM\nGood luck !!
1576918836,cryptopolica,49989,https://twitter.com/random/status/1494923597046943748,$100 | â‚±4600 | 1.300.000 IDR ; 24 hrs â±\n\n$50: RT + Follow @officialsubx \n\n+$50: Join TG (proof)\n\nhttps://t.co/kc2AFg5o1X,Promoter,,,
1887967370,criptoyous,98721,https://twitter.com/random/status/1484578813015203841,ğŸ’« GIVEAWAY #DGR ~$5 | ~255 PHPÂ  | ~71.500 IDR\n\nğŸ’¥ Retweet + Follow @DGRCoin ğŸ“Œ\n\nEnd ~24 hour â°,Promoter,,,
9.88667E+17,kyoongbh_,151710,https://twitter.com/random/status/1535946163249356804,$5 | 70.000 IDR â€¢âŒ›\n\nRT Like &amp; Reply @kyoongbh_,Promoter,,,
407108565,dogespromote,573097,https://twitter.com/random/status/1534973006417580032,$30 | 420.000 IDR | 1440PHP\n\nâ–¶ï¸RT &amp; Follow @hatswapcity  \nâ–¶ï¸RT &amp; Like Sponsor's Pin ğŸ“Œ \n\nEnd in 180 Minutes only,Promoter,,,
1.27367E+18,P1LL1O,74861,https://twitter.com/random/status/1455220638323380226,@Robert46731585 Already on that one ğŸ’¯ currently staking 36,No,,,
1.42111E+18,kuyawat,173136,https://twitter.com/random/status/1535842788348424193,$50 || 700K in 8 Hours ğŸ”¥ \n\nRT &amp; Follow @lazythings,Promoter,,,
1.49118E+18,withNabiya,77686,https://twitter.com/random/status/1535041223702253569,$100 24 HOURS ğŸ°ğŸ‡\n\nrt &amp; follow @misscintalove ğŸ””,Promoter,,,
1.3526E+18,cryptosniper99,330943,https://twitter.com/random/status/1513133420410511368,$150 | 2.100.000 IDR\n\n~ Retweet &amp; Follow @AxieLima \n\nEnds in 24HOURSğŸ•Š,Promoter,,,
1.39382E+18,TheNFT_World,147841,https://twitter.com/random/status/1513078825822785536,ğŸ’°$150 | ends in  24 Hours\n\n â€¢ RT and Follow:@Pigehs https://t.co/IeqjOJpZIE https://t.co/mAuFhbO0w7,Promoter,,,
1.41922E+18,aniyoogifteu,50205,https://twitter.com/random/status/1535926846293803009,20.000 IDR | $1.4 | PHP\n\nã…¡ RT &amp; Like on @jetovus ğŸ“Œ \n\nã…¡ Reply Done\n\nEnd 60mins,Promoter,,,
1.39353E+18,sereingives,120420,https://twitter.com/random/status/1535952062063603712,$10 â€¢ 120 MINS ğŸ”¥\n\n- RT &amp; follow @BUSDOGE + rt,Promoter,,,
1.43602E+18,ArtruNfts,48329,https://twitter.com/random/status/1527711658340065283,$150 ~ 12 Hours \n\nâœ…RT &amp; Follow @johns_nft,Promoter,,,
7173232,crypto_bearr,212318,https://twitter.com/random/status/1535612208440573953,$200 || 2,Promoter,,,
1430617454,3008_0,85212,https://twitter.com/random/status/1530368380615770116,The First 2500 Interactions will be Considered for ğŸ¤”\n\n~ RT + Like &amp; Tag 3 Friends\n~ Follow @DemonixNFTs w ğŸ› https://t.co/AXeZ0JPsQ3,No,,,
1.26919E+18,iamJAX_,75608,https://twitter.com/random/status/1531100980372467712,$100 in 48hrs ğŸ¯ğŸ¦\n\n-RT + Follow @archlootOS + RTğŸ“Œ\n-Join https://t.co/VQs1FyqcDC + Proof,Promoter,,,
1030566410,crypto_caitlyn,79756,https://twitter.com/random/status/1510495824161419265,$25 in 6hrs\n\nâœ…Follow @OrijinHQ \nâœ…RT and like his ğŸ“Œ,Promoter,,,
2273504501,IreneNFT,54916,https://twitter.com/random/status/1517932794307092480,20$ | 350K ~ ends in 3 hours \n\nâ€¢ Retweet\nâ€¢ RT/Like @bezoge â€™sğŸ“Œ,Promoter,,,
1.41179E+18,crypt0_stella,92429,https://twitter.com/random/status/1491587528348082176,$100 giveaway ğŸ’·\nâœ…RT this\nâœ…Follow @behype_nft \nâœ…RT+comment quote tweet ğŸ‘‡\n36hrs https://t.co/Bw3PASkYiC,No,,,
1.43121E+18,Nabigives,55146,https://twitter.com/random/status/1535882085776314368,$2 | 28.000 IDR â€¢ 60MIN ğŸ‚ \n\nâ€¢ rt + rt &amp; like @AltGemHunter ğŸ“Œ,Promoter,,,
1.40688E+18,Sarai_Capital,60035,https://twitter.com/random/status/1443362933803667458,$50 end in less than 12 hours\n\nLike + Follow @thelilfloki \nTag 2 friend\n\nGood Luck,Promoter,,,
2360235764,shiepromotes,149123,https://twitter.com/random/status/1532851991101120512,$20 | 280.000 IDR ~ 180 MINS\n\n- RT &amp; Follow @princesspromos_ ğŸ””,Promoter,,,
1.04809E+18,Crypto_Moonride,40151,https://twitter.com/random/status/1410621988746403843,$200 in 5 days \n\n â€¢RT + Follow @AltCryptoGems,Promoter,,,
1.42869E+18,Alphawolf_1_,208597,https://twitter.com/random/status/1535865910350725120,$100 | 1.400.000 IDR â€¢ 24 HOURS ğŸ«§ \n\nRT &amp; Follow @ApeXClubNFT + RT Like ğŸ“Œ,Promoter,,,
2862991739,DrewPromos,173997,https://twitter.com/random/status/1400455983395135488,$10 || one winner || 2 hours\n\nrt,Promoter,,,
1.40341E+18,CryptoBoltx,147969,https://twitter.com/random/status/1534057077278121984,$50 GIVEAWAY ~ 5 HOURS â³ï¸ \n\n- RT &amp; Follow @NFTechGroup,Promoter,,,
1.36105E+18,DefiGabbi,211153,https://twitter.com/random/status/1535932813589250048,$25 GiveawayğŸ’µ\n\n- Rt &amp; Follow @daokwondo\n\nEnds in 180 mins,Promoter,,,
1.49118E+18,RJWGMI,242436,https://twitter.com/random/status/1532975542663798784,$200 ,Deleted, Like &amp; Follow @nickiewgmi ğŸ””,,
1.40405E+18,CryptoMiracle_G,69206,https://twitter.com/random/status/1511743286054166530,Drop your $ETH wallets and I'll send $10,Deleted,,,
2656225398,JpegMars,64610,https://twitter.com/random/status/1526910384711532548,$150 $Eth | 2 winners\n\n~ Follow me âœ… &amp; @DereckTheTurtle \n~ Rt &amp; Likeâ¤ï¸ + (ğŸ””),Promoter,,,
812104176,zenpromoter,910767,https://twitter.com/random/status/1533933350292860929,$250 | 24 Hours â°\n\nâœ… RT &amp; Follow @PrimeXBT \n\nâœ… RT Quoted Tweet\n\nâ€”â€”â€”â€”â€”â€”â€”-\nYou can also win $1k Below!ğŸ’°ğŸ’¸ https://t.co/UAWFTH1DQA,Promoter,,,
1.46132E+18,missufe,249272,https://twitter.com/random/status/1535871958117920768,$80 | 1.120.000 IDR in 5 Hours ğŸ¦„\n\n- RT &amp; Follow @theothersideai + RT,Promoter,,,
1.28364E+18,CryptoLabX,259065,https://twitter.com/random/status/1535654730604523520,$150 | 2.1 JT ~ 36 HOURS ğŸ—ï¸ğŸ£\n\n-RT &amp; Follow @ORIGYNTech,Promoter,,,
3368512093,CryptoToken_,142385,https://twitter.com/random/status/1526524060280029185,$100 Giving in 24 HOURS\n\nRT &amp; Follow me + @ShibaPredator1\n\nMust Turn On Notification ğŸ’™,Promoter,,,
1.39483E+18,GawsStiph,214919,https://twitter.com/random/status/1535852175351353344,"$50  â€¢  10 HOURSğŸŒ€\n\nâœ… RT + Follow @presearchnews\nâœ… Post a Tweet: "" #Presearch ""\n\n(reply proofs)",Promoter,,,
1.05113E+18,CryptoRanger_,282437,https://twitter.com/random/status/1489503430347575297,$100 | 24 Hours â›‘ï¸\n\n($50) \n-RT + Follow @RealPunksClub + RT ğŸ“Œ\n\n(Bonus $50)\n-Join Discord ğŸ‘‡(Post Proof)\nhttps://t.co/4lCSxpnujE,Promoter,,,
1.41233E+18,crypto_margo,125264,https://twitter.com/random/status/1535860189236060161,$25 GiveawayğŸ’µ\n\n- Rt &amp; Follow @daokwondo\n\nEnds in 180 mins,Promoter,,,
1.3968E+18,KleitoNft,111103,https://twitter.com/random/status/1535794619950067715,giveaway $50 | 700K IDR in 48HRS\n\nâ€” RT + Follow @presearchnews  &amp; tweet #presearch ( drop proof ),Promoter,,,
1.2124E+18,pakkrabbit,109801,https://twitter.com/random/status/1512807692770938884,$25 || 2 hours\n\nFollow me &amp; @squanchvault + RT their ğŸ“Œ,Promoter,,,
2503386737,crypto_pikachu1,174167,https://twitter.com/random/status/1535872760894828544,$200 ll 2.800.000 IDR in 48 Hours \n\n$100 RT &amp; Follow @fabian_crypto + RT ,Promoter,,,
4838740638,celinacrypto1,59504,https://twitter.com/random/status/1526733544860463104,$200 GIVEAWAY \n\n- RT &amp; Follow @PrimexbtItalian + RT ğŸ“Œ\n\nend 48 hours ğŸ’›,Deleted,,,
1.47146E+18,ZaraPromotes,171275,https://twitter.com/random/status/1535870466489040896,$250 | 3.500.000 IDR | 48 HOURS\n\n($100)\n- RT &amp; Follow @stake_share\n\n(+$150 Bonus)\n- Join Discord (Post Proof)\nhttps://t.co/kioAlUHNH0,Promoter,,,
