,Unnamed: 0.2,Unnamed: 0.1,Unnamed: 0,tweet_id, extracted_url, detections,extracted_url,detections
0,,,,1529952583476985862,,,http://discord.gg/radiantrobots,0
1,,,,1529952582411624448,,,https://opensea.io/assets/matic/0x2953399124f0cbb46d2cbacd8a89cf0599974963/83377123349572652608733995728992721094798845129358567091168540486225358749751,1
2,,,,1529952579806846976,,,https://www.youtube.com/watch?v=2pRwZqyE0cQ,0
3,,,,1529952578338947073,,,http://discord.gg/xsK7MySwZQ,0
4,,,,1529952576573255680,,,http://Discord.gg/FeistyHyenas,0
5,,,,1529952575595991042,,,https://discord.gg/vZ9fSP6T,0
6,,,,1529952570843832321,,,https://discord.gg/h2nVU2psXp,0
7,,,,1529952570348814337,,,http://discord.gg/Bc7pmAKRVK,0
8,,,,1529952565948993540,,,http://discord.gg/bAS3TFStw9,0
9,,,,1529952565194006528,,,https://opensea.io/collection/words-of-widsom,1
10,,,,1529952564795412480,,,https://grushfinance.medium.com/new-updates-in-june-68813bf4d7bd,0
11,,,,1529952560307634176,,,https://t.me/hodlinvestorgroup,0
12,,,,1529952559586238469,,,http://discord.gg/q3Bm4yQyU8,0
13,,,,1529952558848016387,,,https://nftsummit.ist/,0
14,,,,1529952554683183115,,,http://discord.gg/wineway,0
15,,,,1529952553906995200,,,https://discord.gg/AaMMkMPq,0
16,,,,1529952552632082432,,,http://okaytinybears.com,0
17,,,,1529952552451981313,,,http://discord.gg/xsK7MySwZQ,0
18,,,,1529952549205225472,,,https://discord.gg/tokyonftlab,0
19,,,,1529952547821215750,,,http://discord.gg/sovereignnft,0
20,,,,1529952547389120513,,,http://discord.gg/apeinpoker,0
21,,,,1529952530238930945,,,http://discord.gg/et69qhsQAy,0
22,,,,1529952522353401859,,,http://discord.gg/yG7raTJ9KC,0
23,,,,1529952521770438656,,,https://nftsummit.ist/,0
24,,,,1529952514849792000,,,https://discord.gg/QTWpk6GqcY,0
25,,,,1529952510446022656,,,http://discord.gg/bAS3TFStw9,0
26,,,,1529952508923478016,,,https://discord.gg/ZfW8tFZmWF,0
27,,,,1529952507400708102,,,http://discord.gg/CrdxWtmgZ4,0
28,,,,1529952504527609881,,,https://discord.com/invite/cyberlinx,0
29,,,,1529952503495897089,,,https://discord.gg/AaMMkMPq,0
30,,,,1529952501616848896,,,https://fiverr.com/share/rp8zDP,0
31,,,,1529952500853399558,,,https://discord.gg/AaMMkMPq,0
32,,,,1529952499951861760,,,https://grushfinance.medium.com/new-updates-in-june-68813bf4d7bd,0
33,,,,1529952496113680384,,,http://discord.gg/sMBebmtBHm,0
34,,,,1529952494456930305,,,https://www.loungelovers.io/mint/,0
35,,,,1529952494297939968,,,http://cryptonftea.io,0
36,,,,1529952493622505473,,,https://opensea.io/assets/matic/0x2953399124f0cbb46d2cbacd8a89cf0599974963/108794401707817213148817380626553968804085021228991185036599477987999507021825/,1
37,,,,1529952487288995840,,,http://discord.gg/sMBebmtBHm,0
38,,,,1529952486739566594,,,http://discord.gg/radiantrobots,0
39,,,,1529952479424700416,,,https://rarible.com/token/0xc9154424b823b10579895ccbe442d41b9abd96ed:1924010794821917386828123159722569237582685867024982570380047486308424089675,0
40,,,,1529952478262874112,,,http://discord.gg/xsK7MySwZQ,0
41,,,,1529952476920971265,,,https://discord.gg/ZfW8tFZmWF,0
42,,,,1529952476362858496,,,https://rarible.com/token/polygon/0xe0964604a2dc994dcb4f04b554c3d30783cd034f:46,0
43,,,,1529952470713221120,,,https://www.binance.com/es/nft/goods/detail?nftInfoId=24490727&isProduct=1,0
44,,,,1529952469282963459,,,http://discord.gg/sMBebmtBHm,0
45,,,,1529952463423668224,,,https://discord.gg/VjbhUR6AGK,0
46,,,,1529952462073131008,,,https://discord.gg/7MHH9bDHAp,0
47,,,,1529952461234003973,,,https://discord.gg/uapsociety,0
48,,,,1529952459564646405,,,https://discord.gg/AKYJSSyrdE,0
49,,,,1529952459417870337,,,https://nftsummit.ist/,0
50,,,,1529952456444108813,,,https://discord.gg/penguinkarts,0
51,,,,1529952456213508097,,,http://BattleKnight.network/sale,0
52,,,,1529952453042610177,,,https://discord.gg/AaMMkMPq,0
53,,,,1529952451687686144,,,http://discord.gg/yG7raTJ9KC,0
54,,,,1529952450173513728,,,https://discord.gg/5wC3YW4dKa,0
55,,,,1529952449720508416,,,https://grushfinance.medium.com/new-updates-in-june-68813bf4d7bd,0
56,,,,1529952448667844616,,,https://discord.gg/h2nVU2psXp,0
57,,,,1529952448659456001,,,http://discord.gg/sMBebmtBHm,0
58,,,,1529952445513744390,,,http://discord.gg/cauAB4EqXF,0
59,,,,1529952444570124301,,,http://discord.gg/xsK7MySwZQ,0
60,,,,1529952444310224896,,,http://discord.gg/yG7raTJ9KC,0
61,,,,1529952441571106816,,,https://discord.gg/AaMMkMPq,0
62,,,,1529952441525055489,,,https://discord.gg/AaMMkMPq,0
63,,,,1529952434159857665,,,http://discord.gg/sMBebmtBHm,0
64,,,,1529952434013052935,,,https://discord.gg/phunkyapeyc,0
65,,,,1529952431530033153,,,https://discord.gg/AaMMkMPq,0
66,,,,1529952430087016449,,,https://grushfinance.medium.com/new-updates-in-june-68813bf4d7bd,0
67,,,,1529952428673880064,,,https://discord.gg/V6wuwhRukN,0
68,,,,1529952426693910543,,,https://discord.gg/AaMMkMPq,0
69,,,,1529952426500972546,,,http://discord.gg/Bc7pmAKRVK,0
70,,,,1529952426085974016,,,http://discord.com/invite/atlantica,0
71,,,,1529952424554815503,,,https://discord.gg/AKYJSSyrdE,0
72,,,,1529952423523016711,,,http://discord.gg/sMBebmtBHm,0
73,,,,1529952419257409540,,,https://mintable.app/COLLECTIBLES/item/Bored-Illuminati-Matrix-club2-Bored-Illuminati-Matrix-club2/7C3V8nmrkL2aPWr,0
74,,,,1529952418066227203,,,https://discord.gg/h2nVU2psXp,0
75,,,,1529952414870167563,,,https://discord.gg/RGaZA5J4jw,0
76,,,,1529952414207557633,,,https://discord.gg/AaMMkMPq,0
77,,,,1529952413758943232,,,https://discord.gg/xsK7MySwZQ,0
78,,,,1529952411325972484,,,https://discord.gg/AaMMkMPq,0
79,,,,1529952408729960453,,,https://premint.xyz/cryptotanks/,0
80,,,,1529952408419328010,,,https://discord.gg/phunkyapeyc,0
81,,,,1529952407245180929,,,https://discord.com/invite/YgvWYEG2,0
82,,,,1529952407224037389,,,https://discord.gg/AaMMkMPq,0
83,,,,1529952406448005131,,,https://discord.gg/uapsociety,0
84,,,,1529952405114134528,,,http://discord.gg/xsK7MySwZQ,0
85,,,,1529952403583291394,,,https://mint.goatapesnft.com/,0
86,,,,1529952402274672640,,,https://discord.gg/AaMMkMPq,0
87,,,,1529952400496279553,,,https://discord.gg/h2nVU2psXp,0
88,,,,1529952400408199168,,,https://discord.gg/uapsociety,0
89,,,,1529952398386597891,,,https://discord.gg/AaMMkMPq,0
90,,,,1529952391331815425,,,https://discord.gg/AaMMkMPq,0
91,,,,1529952389414850560,,,http://cryptonftea.io,0
92,,,,1529952388517355529,,,https://discord.gg/AaMMkMPq,0
93,,,,1529952388513153024,,,https://discord.gg/AaMMkMPq,0
94,,,,1529952386084659203,,,https://discord.gg/AaMMkMPq,0
95,,,,1529952383366680576,,,https://discord.com/invite/PJRUd7Y2MB,0
96,,,,1529952383190855680,,,https://discord.gg/AaMMkMPq,0
97,,,,1529952378048610304,,,https://discord.gg/vividcojp,0
98,,,,1529952377234677767,,,http://discord.gg/birdsnblades,0
99,,,,1529952374764318721,,,https://opensea.io/assets/matic/0x2953399124f0cbb46d2cbacd8a89cf0599974963/64852440628302829505828425795734238598970895046838656829765781715836502802433,1
100,,,,1529952370771169280,,,https://discord.gg/uapsociety,0
101,,,,1529952369152253955,,,https://discord.gg/5atrYDhd,0
102,,,,1529952365977161728,,,http://discord.gg/GreatGoats,0
103,,,,1529952365217996818,,,https://discord.gg/phunkyapeyc,0
104,,,,1529952363259351040,,,https://discord.gg/AKYJSSyrdE,0
105,,,,1529952359903813634,,,http://discord.gg/bAS3TFStw9,0
106,,,,1529952354711154689,,,http://discord.gg/apeinpoker,0
107,,,,1529952354489212928,,,https://discord.gg/5wC3YW4dKa,0
108,,,,1529952348189167617,,,http://discord.gg/radiantrobots,0
109,,,,1529952347627323392,,,https://discord.com/invite/bzDJ6mBC8c,0
110,,,,1529952340173721600,,,http://discord.gg/xsK7MySwZQ,0
111,,,,1529952331948761088,,,https://gleam.io/grJMU/3x-gold-mech-nft-giveaway,0
112,,,,1529952330464083969,,,https://discord.gg/RGaZA5J4jw,0
113,,,,1529952329180532737,,,https://discord.gg/APJmpufs,0
114,,,,1529952325824958464,,,https://youtube.com/KryptoDreamz,0
115,,,,1529952325707636736,,,https://discord.gg/phunkyapeyc,0
116,,,,1529952320385327104,,,https://t.me/hodlinvestorgroup,0
117,,,,1529952319600996352,,,http://discord.gg/et69qhsQAy,0
118,,,,1529952318396956673,,,http://discord.gg/redpillsantas,0
119,,,,1529952317755097088,,,http://discord.com/invite/atlantica,0
120,,,,1529952314668511232,,,http://Discord.gg/FeistyHyenas,0
121,,,,1529952313703424000,,,http://cryptonftea.io,0
122,,,,1529952312692994049,,,https://opensea.io/collection/beat-mfers,1
123,,,,1529952310784319494,,,https://discord.gg/V6wuwhRukN,0
124,,,,1529952308284379136,,,http://discord.com/invite/atlantica,0
125,,,,1529952306770452482,,,https://www.loungelovers.io/mint/,0
126,,,,1529952305788833792,,,https://discord.gg/FSqnqQubuX,0
127,,,,1529952304400678913,,,https://discord.gg/phunkyapeyc,0
128,,,,1529952301170888709,,,https://discord.gg/CBcXtcy2,0
129,,,,1529952299547824128,,,https://foundation.app/@arinosakura/arino/10?ref=0xc66DCB3d3509bB7329E6F290764D740DD7CeF0B4,0
130,,,,1529952298533015552,,,http://discord.com/invite/atlantica,0
131,,,,1529952296217346048,,,https://app.airnfts.com/creators/ShelleyShiller,0
132,,,,1529952294657196032,,,https://www.loungelovers.io/mint/,0
133,,,,1529952293692796928,,,https://discord.gg/5wC3YW4dKa,0
134,,,,1529952292711063558,,,http://Discord.gg/FeistyHyenas,0
135,,,,1529952291217760256,,,http://discord.gg/birdsnblades,0
136,,,,1529952290446233600,,,https://xumm.community/?issuer=rASCiiWz5nsQBkbHzMuVPrpQxARRpqKsR&currency=285E5E2920292029202920292029202920292029&limit=1e-81,0
137,,,,1529952290026684416,,,http://discord.gg/bRjAasAwNh,0
138,,,,1529952289561071616,,,http://discord.gg/Qptmetacard,0
139,,,,1529952281139236864,,,https://discord.gg/5wC3YW4dKa,0
140,,,,1529952277812768768,,,http://discord.gg/xsK7MySwZQ,0
141,,,,1529952275770114048,,,https://discord.gg/5wC3YW4dKa,0
142,,,,1529952275602497548,,,https://discord.gg/phunkyapeyc,0
143,,,,1529952275308851200,,,http://discord.gg/Qptmetacard,0
144,,,,1529952272872251392,,,http://discord.gg/Qptmetacard,0
145,,,,1529952271739809793,,,http://cryptonftea.io,0
146,,,,1529952268576886784,,,http://discord.gg/bRjAasAwNh,0
147,,,,1529952267881050112,,,http://discord.gg/sovereignnft,0
148,,,,1529952267016757260,,,https://Safeobol.com,0
149,,,,1529952260754747393,,,http://discord.gg/heroesofes,0
150,,,,1529952260683608065,,,http://discord.gg/AKYJSSyrdE,0
151,,,,1529952252265308160,,,http://discord.gg/xsK7MySwZQ,0
152,,,,1529952250805768193,,,https://discord.gg/shirizumecha,0
153,,,,1529952250759680000,,,https://discord.gg/AaMMkMPq,0
154,,,,1529952249010475008,,,http://cryptonftea.io,0
155,,,,1529952246879903748,,,https://discord.gg/phunkyapeyc,0
156,,,,1529952245642678272,,,http://discord.gg/xsK7MySwZQ,0
157,,,,1529952245613178880,,,http://cryptonftea.io,0
158,,,,1529952243876671488,,,https://grushfinance.medium.com/new-updates-in-june-68813bf4d7bd,0
159,,,,1529952243478188033,,,http://discord.gg/Qptmetacard,0
160,,,,1529952242492661761,,,https://discord.gg/metafigz,0
161,,,,1529952240026656768,,,http://discord.gg/2SdNAr7FDx,0
162,,,,1529952236591259648,,,http://discord.gg/xsK7MySwZQ,0
163,,,,1529952234808545280,,,http://discord.gg/Qptmetacard,0
164,,,,1529952234536148994,,,https://discord.gg/RGaZA5J4jw,0
165,,,,1529952231851712523,,,http://discord.gg/bRjAasAwNh,0
166,,,,1529952228554989573,,,https://discord.gg/phunkyapeyc,0
167,,,,1529952225920966660,,,https://discord.gg/h2nVU2psXp,0
168,,,,1529952224025141248,,,https://discord.gg/AaMMkMPq,0
169,,,,1529952222859210752,,,https://discord.gg/AaMMkMPq,0
170,,,,1529952221281931264,,,http://discord.gg/wineway,0
171,,,,1529952220094947328,,,https://discord.gg/G4UkAMzCaj,0
172,,,,1529952218429784065,,,http://cryptonftea.io,0
173,,,,1529952216551141376,,,https://discord.gg/vividcojp,0
174,,,,1529952214562766849,,,http://discord.gg/birdsnblades,0
175,,,,1529952212310425600,,,http://discord.gg/bAS3TFStw9,0
176,,,,1529952211496755208,,,http://discord.gg/birdsnblades,0
177,,,,1529952209802256397,,,https://opensea.io/assets/ethereum/0x495f947276749ce646f68ac8c248420045cb7b5e/74926319215195149402658559553362491281269795799596871683920422551865541001217/,1
178,,,,1529952209802248193,,,https://discord.gg/phunkyapeyc,0
179,,,,1529952207935639552,,,http://discord.com/invite/atlantica,0
180,,,,1529952206883106818,,,https://opensea.io/collection/cursed-deer-doodles,1
181,,,,1529952205926993920,,,https://gleam.io/wWQeH/strambolics-invite-competition,0
182,,,,1529952204815101953,,,http://discord.com/invite/atlantica,0
183,,,,1529952200599928832,,,https://www.loungelovers.io/mint/,0
184,,,,1529952191280209928,,,https://discord.gg/phunkyapeyc,0
185,,,,1529952191246745600,,,https://discord.gg/uapsociety,0
186,,,,1529952189648715776,,,https://discord.gg/AaMMkMPq,0
187,,,,1529952183625605139,,,https://discord.gg/Ay3wxr3a,0
188,,,,1529952179989413888,,,https://discord.gg/vividcojp,0
189,,,,1529952179632881665,,,https://discord.gg/AaMMkMPq,0
190,,,,1529952179481886720,,,http://discord.gg/xTPv3nSWaq,0
191,,,,1529952178546577408,,,http://discord.gg/Qptmetacard,0
192,,,,1529952175278858240,,,https://discord.gg/5wC3YW4dKa,0
193,,,,1529952174763040774,,,https://discord.gg/AaMMkMPq,0
194,,,,1529952171038490624,,,https://discord.gg/AaMMkMPq,0
195,,,,1529952165707628546,,,https://discord.gg/phunkyapeyc,0
196,,,,1529952164646461442,,,https://discord.gg/AaMMkMPq,0
197,,,,1529952164147240963,,,https://rarible.com/token/0xc9154424b823b10579895ccbe442d41b9abd96ed:1924010794821917386828123159722569237582685867024982570380047486308424089736,0
198,,,,1529952163660763136,,,https://opensea.io/collection/words-of-widsom,1
199,,,,1529952163551514624,,,http://t.me/KAIonBSC,0
200,,,,1529952163077791744,,,https://gleam.io/wWQeH/strambolics-invite-competition,0
201,,,,1529952161551073281,,,https://discord.gg/EawdAetc3X,0
202,,,,1529952161181798400,,,http://discord.gg/HggPKA6T,0
203,,,,1529952159042789376,,,http://play.supremacy.game,0
204,,,,1529952155771215878,,,https://discord.gg/RGaZA5J4jw,0
205,,,,1529952150947774469,,,https://discord.gg/AaMMkMPq,0
206,,,,1529952149777616896,,,https://discord.gg/AaMMkMPq,0
207,,,,1529952147411959809,,,https://discord.gg/RGaZA5J4jw,0
208,,,,1529952147013500934,,,https://discord.gg/AaMMkMPq,0
209,,,,1529952142068686848,,,http://discord.com/invite/atlantica,0
210,,,,1529952141779288064,,,http://cryptonftea.io,0
211,,,,1529952141556736000,,,https://discord.gg/AaMMkMPq,0
212,,,,1529952138239131650,,,https://discord.gg/rcX2wuyN,0
213,,,,1529952136204804098,,,https://opensea.io/collection/colourful-ape-avatar-club,1
214,,,,1529952134602579981,,,https://discord.gg/AaMMkMPq,0
215,,,,1529952133532876801,,,http://discord.gg/thesportsclub,0
216,,,,1529952133038190592,,,https://discord.com/invite/MV9ygFWN,0
217,,,,1529952132987854848,,,http://discord.gg/birdsnblades,0
218,,,,1529952131540729858,,,http://discord.gg/xsK7MySwZQ,0
219,,,,1529952130177675264,,,https://discord.gg/phunkyapeyc,0
220,,,,1529952129468841988,,,http://Discord.gg/FeistyHyenas,0
221,,,,1529952128202346496,,,https://grushfinance.medium.com/new-updates-in-june-68813bf4d7bd,0
222,,,,1529952125005856768,,,https://mint.holdersteam.com,0
223,,,,1529952123634712576,,,https://grushfinance.medium.com/new-updates-in-june-68813bf4d7bd,0
224,,,,1529952120178450434,,,http://Discord.gg/FeistyHyenas,0
225,,,,1529952119704387586,,,https://bit.ly/3OraOVr,2
226,,,,1529952119612403712,,,http://discord.gg/xTPv3nSWaq,0
227,,,,1529952119326924801,,,https://discord.com/invite/bzDJ6mBC8c,0
228,,,,1529952113870405632,,,http://discord.gg/et69qhsQAy,0
229,,,,1529952108174540800,,,https://discord.gg/BlockPlay,0
230,,,,1529952100268265472,,,http://cryptonftea.io,0
231,,,,1529952097977917443,,,https://discord.gg/AaMMkMPq,0
232,,,,1529952096828764160,,,https://opensea.io/assets/matic/0x2953399124f0cbb46d2cbacd8a89cf0599974963/12638816620102654898837729237608624961195355714724941213562963556305767235585,1
233,,,,1529952090964885504,,,https://discord.gg/5wC3YW4dKa,0
234,,,,1529952089186926592,,,http://cryptonftea.io,0
235,,,,1529952082618376192,,,https://crypto.com/nft/collection/7c69c743928e8a52c62a3234d7605201,0
236,,,,1529952082605875207,,,https://discord.gg/G4UkAMzCaj,0
237,,,,1529952081846468608,,,https://www.premint.xyz/trapmonkiep2/,0
238,,,,1529952080584138763,,,https://discord.gg/phunkyapeyc,0
239,,,,1529952077824159744,,,https://discord.com/invite/bzDJ6mBC8c,0
240,,,,1529952075605757952,,,https://discord.gg/AaMMkMPq,0
241,,,,1529952074087419905,,,http://discord.gg/bAS3TFStw9,0
242,,,,1529952073499914240,,,http://discord.gg/et69qhsQAy,0
243,,,,1529952066851979266,,,https://launchmynft.io/collections/5RN3w2HExx8SA25UNbPxcoKR2hCVWks6feGM9AG3Y47v/oIAJBvRfNHmBNePRB5Cf,0
244,,,,1529952065799200769,,,https://discord.gg/JzPGFcsJQD,0
245,,,,1529952065283362816,,,http://discord.gg/birdsnblades,0
246,,,,1529952064385691648,,,http://discord.gg/98Z8wrscCe,0
247,,,,1529952061441290240,,,http://discord.gg/xsK7MySwZQ,0
248,,,,1529952060849938441,,,http://Discord.gg/FeistyHyenas,0
249,,,,1529952060090769412,,,http://discord.gg/xsK7MySwZQ,0
250,,,,1529952059503566849,,,https://discord.gg/phunkyapeyc,0
251,,,,1529952059339988995,,,http://discord.gg/thesportsclub,0
252,,,,1529952057561600006,,,https://discord.gg/7q5VqKS4ad,0
253,,,,1529952054281740290,,,https://discord.gg/uapsociety,0
254,,,,1529952053300039680,,,http://xluna.net,0
255,,,,1529952050464825345,,,https://docs.google.com/forms/d/1F9vW9vyouJicv9iyH7sHO-YQyz9mVrm05OZQmVNMBiA/edit#responses,0
256,,,,1529952047906590720,,,https://discord.gg/G4UkAMzCaj,0
257,,,,1529952040708808704,,,http://discord.com/invite/atlantica,0
258,,,,1529952037173088256,,,https://discord.gg/xsK7MySwZQ,0
259,,,,1529952035919241216,,,http://discord.gg/et69qhsQAy,0
260,,,,1529952035226890241,,,https://discord.gg/5wC3YW4dKa,0
261,,,,1529952034073755649,,,https://t.me/hodlinvestorgroup,0
262,,,,1529952032743907338,,,https://discord.gg/phunkyapeyc,0
263,,,,1529952031020044288,,,https://opensea.io/assets/matic/0x2953399124f0cbb46d2cbacd8a89cf0599974963/12638816620102654898837729237608624961195355714724941213562963556305767235585,1
264,,,,1529952027895209984,,,https://grushfinance.medium.com/new-updates-in-june-68813bf4d7bd,0
265,,,,1529952024804044800,,,http://discord.gg/et69qhsQAy,0
266,,,,1529952023612907523,,,https://discord.gg/AaMMkMPq,0
267,,,,1529952015551328257,,,https://Safeobol.com,0
268,,,,1529952012540030977,,,https://discord.gg/AaMMkMPq,0
269,,,,1529952010279215124,,,https://discord.gg/AaMMkMPq,0
270,,,,1529952009922682880,,,https://discord.gg/AaMMkMPq,0
271,,,,1529952009708875776,,,https://discord.gg/phunkyapeyc,0
272,,,,1529952007494086656,,,http://discord.gg/7qCfCHca8Z,0
273,,,,1529952002884526080,,,https://discord.gg/RGaZA5J4jw,0
274,,,,1529952001580072960,,,http://discord.gg/yG7raTJ9KC,0
275,,,,1529952000628203520,,,https://discord.gg/AaMMkMPq,0
276,,,,1529951997180485632,,,https://discord.com/invite/bzDJ6mBC8c,0
277,,,,1529951995301199872,,,https://discord.gg/uapsociety,0
278,,,,1529951992889606164,,,http://discord.gg/birdsnblades,0
279,,,,1529951992398897154,,,https://discord.gg/V6wuwhRukN,0
280,,,,1529951989450301444,,,https://discord.gg/Ta4Uqc7rs2,0
281,,,,1529951988552695809,,,https://discord.gg/AaMMkMPq,0
282,,,,1529951988422680581,,,https://discord.gg/AaMMkMPq,0
283,,,,1529951987567058945,,,https://discord.gg/AaMMkMPq,0
284,,,,1529951986283520000,,,http://cryptonftea.io,0
285,,,,1529951986145284096,,,https://discord.gg/phunkyapeyc,0
286,,,,1529951984572575746,,,https://discord.gg/vividcojp,0
287,,,,1529951983473672192,,,http://discord.gg/et69qhsQAy,0
288,,,,1529951982085099525,,,https://discord.gg/AaMMkMPq,0
289,,,,1529951979887263745,,,https://discord.gg/uapsociety,0
290,,,,1529951979874750465,,,https://discord.gg/AaMMkMPq,0
291,,,,1529951976129286149,,,http://discord.gg/xsK7MySwZQ,0
292,,,,1529951968328056832,,,https://grushfinance.medium.com/new-updates-in-june-68813bf4d7bd,0
293,,,,1529951966712971264,,,http://Discord.gg/FeistyHyenas,0
294,,,,1529951961163960326,,,https://discord.gg/AaMMkMPq,0
295,,,,1529951959943368704,,,https://discord.gg/AKYJSSyrdE,0
296,,,,1529951957024407552,,,https://market.decentraland.org/accounts/0xc15316bde4fa13dd8f3f3348dccb878e8c033518?assetType=item&section=wearables,0
297,,,,1529951955719708679,,,https://discord.gg/AaMMkMPq,0
298,,,,1529951953840660497,,,http://discord.com/invite/SyEWMfz4RS,0
299,,,,1529951951185756164,,,http://bit.ly/FilmMeme,2
300,,,,1529951950845927427,,,http://Discord.gg/maximalist,0
301,,,,1529951947003944964,,,https://discord.gg/AaMMkMPq,0
302,,,,1529951946697650177,,,https://discord.gg/ZfW8tFZmWF,0
303,,,,1529951946525663232,,,http://discord.gg/yG7raTJ9KC,0
304,,,,1529951943505895431,,,https://discord.gg/AaMMkMPq,0
305,,,,1529951939374759936,,,http://discord.gg/AKYJSSyrdE,0
306,,,,1529951939282313221,,,https://discord.gg/uapsociety,0
307,,,,1529951938904788992,,,https://discord.gg/AaMMkMPq,0
308,,,,1529951938678169600,,,https://www.loungelovers.io/mint/,0
309,,,,1529951938024030209,,,https://discord.gg/phunkyapeyc,0
310,,,,1529951936736546816,,,https://discord.gg/xsK7MySwZQ,0
311,,,,1529951935847096331,,,https://discord.gg/AaMMkMPq,0
312,,,,1529951935700295689,,,https://discord.gg/AaMMkMPq,0
313,,,,1529951930432495616,,,http://discord.gg/birdsnblades,0
314,,,,1529951930046619648,,,http://discord.gg/fearlessfeather,0
315,,,,1529951929522335744,,,https://discord.gg/ZfW8tFZmWF,0
316,,,,1529951927810891778,,,https://discord.gg/uapsociety,0
317,,,,1529951925046738945,,,https://opensea.io/assets/matic/0x2953399124f0cbb46d2cbacd8a89cf0599974963/12638816620102654898837729237608624961195355714724941213562963556305767235585,1
318,,,,1529951917438296073,,,https://discord.gg/QTWpk6GqcY,0
319,,,,1529951915278147584,,,http://Discord.gg/FeistyHyenas,0
320,,,,1529951914573832192,,,https://discord.gg/ZfW8tFZmWF,0
321,,,,1529951914112212995,,,https://opensea.io/collection/words-of-widsom,1
322,,,,1529951906591920131,,,http://discord.gg/AKYJSSyrdE,0
323,,,,1529951905761443840,,,http://discord.gg/radiantrobots,0
324,,,,1529951903341326337,,,https://discord.gg/EawdAetc3X,0
325,,,,1529951903081177088,,,https://discord.gg/phunkyapeyc,0
326,,,,1529951902699511815,,,https://opensea.io/collection/crazypaperbag,1
327,,,,1529951901583826944,,,http://discord.gg/radiantrobots,0
328,,,,1529951894763843585,,,http://cryptonftea.io,0
329,,,,1529951894713643013,,,https://opensea.io/assets/matic/0x2953399124f0cbb46d2cbacd8a89cf0599974963/12638816620102654898837729237608624961195355714724941213562963521121395146753,1
330,,,,1529951890259181568,,,https://discord.gg/AaMMkMPq,0
331,,,,1529951888308838404,,,https://discord.gg/uapsociety,0
332,,,,1529951885930954752,,,http://hector.finance,0
333,,,,1529951880683585537,,,https://crypto.com/nft/collection/7c69c743928e8a52c62a3234d7605201,0
334,,,,1529951879844835331,,,https://discord.gg/uapsociety,0
335,,,,1529951879307808768,,,http://discord.gg/et69qhsQAy,0
336,,,,1529951876648935424,,,https://discord.gg/5wC3YW4dKa,0
337,,,,1529951876552220678,,,http://discord.gg/birdsnblades,0
338,,,,1529951876443082752,,,http://cryptonftea.io,0
339,,,,1529951876145610752,,,http://discord.gg/Qptmetacard,0
340,,,,1529951876040515589,,,https://discord.gg/phunkyapeyc,0
341,,,,1529951875105456129,,,https://discord.com/invite/bzDJ6mBC8c,0
342,,,,1529951870185521153,,,http://discord.com/invite/atlantica,0
343,,,,1529951869493182466,,,http://discord.gg/birdsnblades,0
344,,,,1529951865089187847,,,http://discord.gg/q3Bm4yQyU8,0
345,,,,1529951860374876160,,,https://givelab.com/goldmandxreaper,0
346,,,,1529951858105753600,,,https://discord.gg/nZgyYdWVq2,0
347,,,,1529951856985792512,,,https://discord.gg/phunkyapeyc,0
348,,,,1529951852342652928,,,http://discord.gg/cosmoheroes,0
349,,,,1529951847791722497,,,http://discord.com/invite/atlantica,0
350,,,,1529951847078846475,,,https://discord.gg/NqMCXFWhD4,0
351,,,,1529951846814687234,,,https://mintable.app/COLLECTIBLES/item/Bored-Illuminati-Matrix-club2-Bored-Illuminati-Matrix-club2/7C3V8nmrkL2aPWr,0
352,,,,1529951845409497093,,,https://discord.gg/AaMMkMPq,0
353,,,,1529951844923019264,,,https://opensea.io/collection/words-of-widsom,1
354,,,,1529951843631128576,,,https://discord.gg/uapsociety,0
355,,,,1529951843358736384,,,http://cryptonftea.io,0
356,,,,1529951841643024386,,,https://discord.com/invite/YgvWYEG2,0
357,,,,1529951839717818368,,,https://opensea.io/assets/matic/0x2953399124f0cbb46d2cbacd8a89cf0599974963/12638816620102654898837729237608624961195355714724941213562963556305767235585,1
358,,,,1529951831115194368,,,https://opensea.io/assets/ethereum/0xc101916cd9ddeac5a6f915eed033b1b6e4a637cb/7290,1
359,,,,1529951826707001344,,,https://discord.gg/ZfW8tFZmWF,0
360,,,,1529951826623320066,,,http://discord.gg/AKYJSSyrdE,0
361,,,,1529951824916414465,,,https://discord.gg/uapsociety,0
362,,,,1529951819413471232,,,http://discord.gg/et69qhsQAy,0
363,,,,1529951816984711172,,,https://discord.gg/phunkyapeyc,0
364,,,,1529951816905297920,,,https://discord.gg/FSqnqQubuX,0
365,,,,1529951816116764672,,,http://cryptonftea.io,0
366,,,,1529951815789338631,,,https://discord.com/invite/bzDJ6mBC8c,0
367,,,,1529951811641425920,,,https://discord.gg/5wC3YW4dKa,0
368,,,,1529951808327938048,,,https://opensea.io/collection/beat-mfers,1
369,,,,1529951808067624981,,,http://discord.gg/bAS3TFStw9,0
370,,,,1529951806607990784,,,https://discord.gg/h2nVU2psXp,0
371,,,,1529951804058128385,,,https://market.decentraland.org/accounts/0xc15316bde4fa13dd8f3f3348dccb878e8c033518?assetType=item&section=wearables,0
372,,,,1529951799645548544,,,https://opensea.io/assets/matic/0x2953399124f0cbb46d2cbacd8a89cf0599974963/12638816620102654898837729237608624961195355714724941213562963556305767235585,1
373,,,,1529951799297290240,,,https://discord.gg/ZfW8tFZmWF,0
374,,,,1529951796541935616,,,http://discord.gg/bAS3TFStw9,0
375,,,,1529951794549477378,,,https://discord.gg/uapsociety,0
376,,,,1529951792788049920,,,http://discord.gg/Qptmetacard,0
377,,,,1529951792217444366,,,https://discord.gg/uapsociety,0
378,,,,1529951791554887681,,,https://discord.gg/RGaZA5J4jw,0
379,,,,1529951790103420932,,,https://discord.gg/phunkyapeyc,0
380,,,,1529951789411336192,,,https://discord.gg/uapsociety,0
381,,,,1529951787842772993,,,https://discord.gg/AaMMkMPq,0
382,,,,1529951787075133451,,,http://discord.gg/birdsnblades,0
383,,,,1529951785632567298,,,http://discord.gg/yG7raTJ9KC,0
384,,,,1529951784856346626,,,https://discord.gg/V6wuwhRukN,0
385,,,,1529951783753326592,,,https://www.loungelovers.io/mint/,0
386,,,,1529951783585738752,,,https://discord.gg/BlockPlay,0
387,,,,1529951783220482048,,,http://discord.gg/98Z8wrscCe,0
388,,,,1529951782285475840,,,https://discord.gg/uapsociety,0
389,,,,1529951782180466688,,,https://discord.gg/AaMMkMPq,0
390,,,,1529951778317426710,,,https://www.loungelovers.io/mint/,0
391,,,,1529951776769658880,,,https://opensea.io/assets/matic/0x2826f3ab5e47fb6146ae2f32bfdf6c1aeaab17b9/1019,1
392,,,,1529951775725621248,,,http://discord.com/invite/atlantica,0
393,,,,1529951774903353345,,,https://teia.art/objkt/738631,0
394,,,,1529951773808418816,,,http://Discord.gg/FeistyHyenas,0
395,,,,1529951771233341443,,,https://freetipscout.com/analysis/sorare/sorare-one-to-watch-zymer-bytyqi/,0
396,,,,1529951768465272832,,,https://discord.gg/uapsociety,0
397,,,,1529951767575789568,,,https://givelab.com/goldmandxreaper,0
398,,,,1529951764421779457,,,https://opensea.io/assets/matic/0x2953399124f0cbb46d2cbacd8a89cf0599974963/12638816620102654898837729237608624961195355714724941213562963556305767235585,1
399,,,,1529951762748170248,,,https://discord.gg/phunkyapeyc,0
400,,,,1529951760504467457,,,http://discord.gg/q3Bm4yQyU8,0
401,,,,1529951758520311820,,,https://discord.com/invite/YgvWYEG2,0
402,,,,1529951758113464336,,,https://discord.gg/AaMMkMPq,0
403,,,,1529951755923910656,,,https://discord.gg/nxCmSRgVEP,0
404,,,,1529951751721263104,,,https://discord.com/invite/7SfEpx5a,0
405,,,,1529951750509191183,,,https://discord.gg/AaMMkMPq,0
406,,,,1529951750463045637,,,https://opensea.io/collection/words-of-widsom,1
407,,,,1529951744947535874,,,https://opensea.io/collection/cursed-deer-doodles,1
408,,,,1529951738555355136,,,https://grushfinance.medium.com/new-updates-in-june-68813bf4d7bd,0
409,,,,1529951738048167936,,,https://discord.gg/ZfW8tFZmWF,0
410,,,,1529951737062252582,,,https://discord.gg/AaMMkMPq,0
411,,,,1529951736814882821,,,https://discord.com/invite/cyberlinx,0
412,,,,1529951735619411982,,,https://opensea.io/assets/matic/0x2953399124f0cbb46d2cbacd8a89cf0599974963/105338218442778317268653222089969099782898245255050275558862445250077364584449,1
413,,,,1529951734658916359,,,https://opensea.io/assets/matic/0x2953399124f0cbb46d2cbacd8a89cf0599974963/12638816620102654898837729237608624961195355714724941213562963556305767235585,1
414,,,,1529951713213358080,,,http://discord.gg/et69qhsQAy,0
415,,,,1529951704980295680,,,https://discord.gg/uapsociety,0
416,,,,1529951703000309782,,,https://discord.gg/AaMMkMPq,0
417,,,,1529951698298744833,,,https://grushfinance.medium.com/new-updates-in-june-68813bf4d7bd,0
418,,,,1529951697551908875,,,https://grushfinance.medium.com/new-updates-in-june-68813bf4d7bd,0
419,,,,1529951697170227210,,,http://Discord.gg/FeistyHyenas,0
420,,,,1529951694976606211,,,http://discord.gg/bRjAasAwNh,0
421,,,,1529951694808834050,,,https://discord.gg/AaMMkMPq,0
422,,,,1529951686210486272,,,https://opensea.io/collection/ai-ape-series-v1-0,1
423,,,,1529951684398444544,,,https://discord.com/invite/YgvWYEG2,0
424,,,,1529951681202556928,,,https://discord.gg/uapsociety,0
425,,,,1529951680426647552,,,https://discord.gg/xQad9RRFgK,0
426,,,,1529951680284217344,,,https://tofunft.com/collection/bfsummer/items,0
427,,,,1529951678547517464,,,http://discord.gg/t4aUvnex7c,0
428,,,,1529951676127379456,,,https://opensea.io/assets/matic/0x2953399124f0cbb46d2cbacd8a89cf0599974963/12638816620102654898837729237608624961195355714724941213562963556305767235585,1
429,,,,1529951670750281730,,,https://discord.gg/V6wuwhRukN,0
430,,,,1529951665217974272,,,https://grushfinance.medium.com/new-updates-in-june-68813bf4d7bd,0
431,,,,1529951658356228096,,,http://discord.gg/bRjAasAwNh,0
432,,,,1529951657844428811,,,https://www.premint.xyz/girls-in-pink-2/,0
433,,,,1529951653952118787,,,http://discord.gg/q3Bm4yQyU8,0
434,,,,1529951651695677440,,,https://discord.gg/AaMMkMPq,0
435,,,,1529951649350963200,,,http://discord.gg/xsK7MySwZQ,0
436,,,,1529951648726102016,,,https://discord.gg/AaMMkMPq,0
437,,,,1529951646771466241,,,http://discord.gg/AKYJSSyrdE,0
438,,,,1529951646054244352,,,https://discord.gg/h2nVU2psXp,0
439,,,,1529951636025577472,,,https://discord.gg/5wC3YW4dKa,0
440,,,,1529951635983994880,,,http://discord.gg/bRjAasAwNh,0
441,,,,1529951631932022784,,,http://discord.com/invite/wv2Dfs6nKC,0
442,,,,1529951626361987077,,,https://discord.gg/h2nVU2psXp,0
443,,,,1529951625628078080,,,https://discord.gg/AaMMkMPq,0
444,,,,1529951621949554689,,,https://opensea.io/assets/matic/0x2953399124f0cbb46d2cbacd8a89cf0599974963/12638816620102654898837729237608624961195355714724941213562963556305767235585,1
445,,,,1529951621534433281,,,https://discord.com/invite/bzDJ6mBC8c,0
446,,,,1529951619911131139,,,https://opensea.io/assets/matic/0x2953399124f0cbb46d2cbacd8a89cf0599974963/55087452811199598951064811617909054980616931526498838367676078455007930744833/,1
447,,,,1529951618250473472,,,http://discord.gg/Qptmetacard,0
448,,,,1529951615125401600,,,http://discord.gg/sovereignnft,0
449,,,,1529951611589644288,,,http://discord.gg/gluppers,0
450,,,,1529951610775953424,,,https://foundation.app/@artibra_nft/cubismbreeze/1,0
451,,,,1529951610599723009,,,http://discord.gg/jf5QejXfXg,0
452,,,,1529951606858473473,,,https://dyp.finance/mint,0
453,,,,1529951605285605376,,,http://discord.gg/xsK7MySwZQ,0
454,,,,1529951603855241216,,,http://discord.gg/Qptmetacard,0
455,,,,1529951603041656841,,,https://discord.com/invite/bzDJ6mBC8c,0
456,,,,1529951601993035776,,,https://discord.gg/uapsociety,0
457,,,,1529951601909194767,,,https://discord.gg/RGaZA5J4jw,0
458,,,,1529951601754005513,,,https://discord.gg/GuMuawHmXJ,0
459,,,,1529951598914461707,,,https://discord.gg/uapsociety,0
460,,,,1529951597534527488,,,https://discord.com/invite/bzDJ6mBC8c,0
461,,,,1529951596154474496,,,http://discord.com/invite/atlantica,0
462,,,,1529951592996380672,,,https://discord.gg/uapsociety,0
463,,,,1529951592409182213,,,http://Discord.gg/maximalist,0
464,,,,1529951592316813312,,,https://opensea.io/assets/matic/0x2953399124f0cbb46d2cbacd8a89cf0599974963/10707806335330996628906634796586424006921292101931056947032499699131198047904,1
465,,,,1529951592203575316,,,http://discord.gg/birdsnblades,0
466,,,,1529951591595401222,,,https://discord.gg/uapsociety,0
467,,,,1529951583634612245,,,https://opensea.io/collection/cursed-deer-doodles,1
468,,,,1529951581499805697,,,https://discord.gg/uapsociety,0
469,,,,1529951579616423936,,,http://discord.gg/Qptmetacard,0
470,,,,1529951578186207234,,,http://Discord.gg/FeistyHyenas,0
471,,,,1529951577661878272,,,https://opensea.io/assets/matic/0x2953399124f0cbb46d2cbacd8a89cf0599974963/12638816620102654898837729237608624961195355714724941213562963556305767235585,1
472,,,,1529951565754269698,,,https://discord.gg/vividcojp,0
473,,,,1529951562256498690,,,http://discord.gg/Qptmetacard,0
474,,,,1529951555293700103,,,https://discord.gg/uapsociety,0
475,,,,1529951552919613441,,,https://discord.gg/5wC3YW4dKa,0
476,,,,1529951552873500672,,,https://discord.com/invite/z8Ybw39Psp,0
477,,,,1529951548645642240,,,http://discord.gg/Qptmetacard,0
478,,,,1529951547144421376,,,http://cryptonftea.io,0
479,,,,1529951546468966400,,,http://discord.com/invite/wv2Dfs6nKC,0
480,,,,1529951545290149888,,,http://discord.com/invite/atlantica,0
481,,,,1529951544640163842,,,https://opensea.io/collection/cursed-deer-doodles,1
482,,,,1529951537275015169,,,https://opensea.io/assets/matic/0x2953399124f0cbb46d2cbacd8a89cf0599974963/12638816620102654898837729237608624961195355714724941213562963556305767235585,1
483,,,,1529951536633335815,,,https://discord.gg/EkhVJfq8,0
484,,,,1529951534578282496,,,http://discord.gg/jf5QejXfXg,0
485,,,,1529951531407138832,,,https://www.youtube.com/c/LoRdSun,0
486,,,,1529951530085928960,,,https://discord.gg/p8RzRpNNEb,0
487,,,,1529951529020850176,,,http://discord.com/invite/atlantica,0
488,,,,1529951528659869698,,,https://discord.gg/AaMMkMPq,0
489,,,,1529951524188585986,,,https://discord.gg/5wC3YW4dKa,0
490,,,,1529951522519281664,,,http://xluna.net,0
491,,,,1529951522108366869,,,https://opensea.io/collection/panicattackpeople,1
492,,,,1529951516051873794,,,http://discord.gg/AKYJSSyrdE,0
493,,,,1529951515007410177,,,https://discord.com/invite/GqzExmdqeV,0
494,,,,1529951513816477696,,,https://discord.gg/ZfW8tFZmWF,0
495,,,,1529951509001261057,,,https://discord.gg/JnxSPvwXNN,0
496,,,,1529951508447608837,,,https://discord.gg/uapsociety,0
497,,,,1529951502755823616,,,https://opensea.io/assets/matic/0x2953399124f0cbb46d2cbacd8a89cf0599974963/12638816620102654898837729237608624961195355714724941213562963556305767235585,1
498,,,,1529951502617436169,,,https://discord.gg/AaMMkMPq,0
499,,,,1529951502047006720,,,https://discord.gg/uapsociety,0
500,,,,1529951500323401728,,,https://pizzabillionaire.com/mint,0
501,,,,1529951499006390272,,,https://discord.com/invite/7SfEpx5a,0
502,,,,1529951486981070853,,,https://bit.ly/3q93oLg,2
503,,,,1529951483021520896,,,http://cryptonftea.io,0
504,,,,1529951479896891397,,,https://opensea.io/assets/matic/0x2953399124f0cbb46d2cbacd8a89cf0599974963/12638816620102654898837729237608624961195355714724941213562963556305767235585,1
505,,,,1529951478034489346,,,http://cryptonftea.io,0
506,,,,1529951475421569031,,,https://bit.ly/3q93oLg,2
507,,,,1529951474901467136,,,https://opensea.io/collection/words-of-widsom,1
508,,,,1529951472883904512,,,http://discord.gg/Qptmetacard,0
509,,,,1529951469637861377,,,http://Discord.gg/FeistyHyenas,0
510,,,,1529951469356605464,,,https://teia.art/objkt/738631,0
511,,,,1529951463983570944,,,http://discord.gg/Qptmetacard,0
512,,,,1529951463912288256,,,http://discord.gg/xsK7MySwZQ,0
513,,,,1529951462872055808,,,http://discord.com/invite/atlantica,0
514,,,,1529951462708715525,,,http://discord.gg/xsK7MySwZQ,0
515,,,,1529951462037544971,,,https://discord.gg/VXJZs5D8nB,0
516,,,,1529951459898449931,,,https://discord.gg/h2nVU2psXp,0
517,,,,1529951459164295169,,,http://cryptonftea.io,0
518,,,,1529951450205499397,,,https://discord.gg/AaMMkMPq,0
519,,,,1529951448167071745,,,https://opensea.io/assets/matic/0x2953399124f0cbb46d2cbacd8a89cf0599974963/12638816620102654898837729237608624961195355714724941213562963556305767235585,1
520,,,,1529951447428648961,,,http://discord.gg/yG7raTJ9KC,0
521,,,,1529951445704925187,,,http://discord.gg/nekomata,0
522,,,,1529951444790550531,,,https://cryptotubbies.com/share,0
523,,,,1529951443020570630,,,https://discord.gg/AaMMkMPq,0
524,,,,1529951438692048904,,,https://discord.gg/AaMMkMPq,0
525,,,,1529951438394253330,,,https://discord.gg/AaMMkMPq,0
526,,,,1529951430265786369,,,https://opensea.io/assets/matic/0x2953399124f0cbb46d2cbacd8a89cf0599974963/12638816620102654898837729237608624961195355714724941213562963556305767235585,1
527,,,,1529951430085267456,,,http://discord.gg/thesportsclub,0
528,,,,1529951428395032576,,,https://discord.com/invite/7SfEpx5a,0
529,,,,1529951421806051328,,,https://grushfinance.medium.com/new-updates-in-june-68813bf4d7bd,0
530,,,,1529951421759598594,,,https://grushfinance.medium.com/new-updates-in-june-68813bf4d7bd,0
531,,,,1529951418899378176,,,http://discord.com/invite/atlantica,0
532,,,,1529951416852353024,,,https://discord.gg/AaMMkMPq,0
533,,,,1529951415694766081,,,http://discord.gg/q3Bm4yQyU8,0
534,,,,1529951415657021441,,,https://discord.gg/uapsociety,0
535,,,,1529951412913856512,,,https://opensea.io/assets/matic/0x2953399124f0cbb46d2cbacd8a89cf0599974963/12638816620102654898837729237608624961195355714724941213562963556305767235585,1
536,,,,1529951412494508034,,,https://discord.gg/uapsociety,0
537,,,,1529951406064558087,,,http://discord.gg/newfriends,0
538,,,,1529951404533612545,,,http://discord.gg/kidzuki,0
539,,,,1529951402566508552,,,http://discord.com/invite/wv2Dfs6nKC,0
540,,,,1529951402499481601,,,http://discord.gg/xsK7MySwZQ,0
541,,,,1529951400201003008,,,https://opensea.io/collection/colourful-ape-avatar-club,1
542,,,,1529951400158842885,,,http://discord.gg/reigningbearslc,0
543,,,,1529951399836016651,,,https://www.loungelovers.io/mint/,0
544,,,,1529951398838026240,,,http://discord.gg/et69qhsQAy,0
545,,,,1529951390482673665,,,http://discord.gg/Qptmetacard,0
546,,,,1529951389450809345,,,https://discord.gg/FSqnqQubuX,0
547,,,,1529951388448477184,,,https://discord.gg/turtlz,0
548,,,,1529951387907686400,,,https://discord.gg/EawdAetc3X,0
549,,,,1529951386237956097,,,https://discord.gg/xsK7MySwZQ,0
550,,,,1529951382991941633,,,http://discord.gg/xsK7MySwZQ,0
551,,,,1529951381913673728,,,https://discord.gg/uapsociety,0
552,,,,1529951376809271297,,,http://discord.gg/xsK7MySwZQ,0
553,,,,1529951374439505920,,,https://opensea.io/assets/matic/0x2953399124f0cbb46d2cbacd8a89cf0599974963/12638816620102654898837729237608624961195355714724941213562963556305767235585,1
554,,,,1529951373059571712,,,https://boredmouse.store,0
555,,,,1529951372405542913,,,https://www.youtube.com/channel/UCIbVBbvyVGytliXTNzLdajw,0
556,,,,1529951368534175744,,,http://discord.gg/Qptmetacard,0
557,,,,1529951360841662466,,,https://discord.gg/EkhVJfq8,0
558,,,,1529951360698880000,,,http://discord.com/invite/atlantica,0
559,,,,1529951358517903365,,,https://discord.gg/V6wuwhRukN,0
560,,,,1529951352830496775,,,http://Discord.gg/maximalist,0
561,,,,1529951348535459840,,,https://opensea.io/assets/matic/0x2953399124f0cbb46d2cbacd8a89cf0599974963/12638816620102654898837729237608624961195355714724941213562963556305767235585,1
562,,,,1529951343481585666,,,http://discord.com/invite/atlantica,0
563,,,,1529951339010203654,,,https://www.loungelovers.io/mint/,0
564,,,,1529951335851757568,,,http://discord.gg/AKYJSSyrdE,0
565,,,,1529951332244889600,,,https://discord.gg/h2nVU2psXp,0
566,,,,1529951331271987200,,,https://discord.gg/nxCmSRgVEP,0
567,,,,1529951328394436608,,,https://discord.com/invite/zG25vH7fED,0
568,,,,1529951327534587904,,,https://discord.gg/h2nVU2psXp,0
569,,,,1529951327039721473,,,https://opensea.io/assets/matic/0x2953399124f0cbb46d2cbacd8a89cf0599974963/12638816620102654898837729237608624961195355714724941213562963556305767235585,1
570,,,,1529951326980800513,,,https://grushfinance.medium.com/new-updates-in-june-68813bf4d7bd,0
571,,,,1529951326691799040,,,http://discord.gg/Qptmetacard,0
572,,,,1529951320530161665,,,https://objkt.com/asset/hicetnunc/738706,0
573,,,,1529951316394622976,,,https://relayx.com/market/8fd3eb1397d3f14c9b03c50fb22e37c344293ea1add14db6b5cd0f80f85b8f61_o2,0
574,,,,1529951315962408960,,,http://discord.gg/sovereignnft,0
575,,,,1529951312854409216,,,https://grushfinance.medium.com/new-updates-in-june-68813bf4d7bd,0
576,,,,1529951312816766976,,,https://discord.gg/AaMMkMPq,0
577,,,,1529951310270844929,,,https://opensea.io/assets/matic/0x2953399124f0cbb46d2cbacd8a89cf0599974963/12638816620102654898837729237608624961195355714724941213562963556305767235585,1
578,,,,1529951309989826560,,,https://bit.ly/3q93oLg,2
579,,,,1529951304256307201,,,https://discord.gg/AaMMkMPq,0
580,,,,1529951300993048576,,,https://discord.com/invite/8zQ2QaPcn9,0
581,,,,1529951295141978112,,,http://discord.gg/7qCfCHca8Z,0
582,,,,1529951293778939906,,,https://discord.gg/uapsociety,0
583,,,,1529951288460443649,,,https://discord.gg/h2nVU2psXp,0
584,,,,1529951285918720011,,,https://discord.gg/AKYJSSyrdE,0
585,,,,1529951285608341504,,,https://opensea.io/assets/matic/0x2953399124f0cbb46d2cbacd8a89cf0599974963/12638816620102654898837729237608624961195355714724941213562963556305767235585,1
586,,,,1529951279845412865,,,https://discord.gg/uapsociety,0
587,,,,1529951274732605442,,,https://discord.gg/AaMMkMPq,0
588,,,,1529951274074091520,,,https://opensea.io/collection/dc-heroes-2022,1
589,,,,1529951273679740936,,,https://discord.gg/AaMMkMPq,0
590,,,,1529951271444267009,,,http://Discord.gg/maximalist,0
591,,,,1529951264674570253,,,http://discord.gg/q3Bm4yQyU8,0
592,,,,1529951264536412160,,,http://discord.gg/xsK7MySwZQ,0
593,,,,1529951262288007168,,,https://discord.com/invite/7SfEpx5a,0
594,,,,1529951260371214346,,,https://Safeobol.com,0
595,,,,1529951257447874560,,,https://opensea.io/assets/matic/0x2953399124f0cbb46d2cbacd8a89cf0599974963/12638816620102654898837729237608624961195355714724941213562963556305767235585,1
596,,,,1529951249684123653,,,http://discord.gg/sMBebmtBHm,0
597,,,,1529951248161595399,,,https://discord.gg/uapsociety,0
598,,,,1529951245108142082,,,http://discord.com/invite/SyEWMfz4RS,0
599,,,,1529951242662957056,,,https://opensea.io/assets/matic/0x2953399124f0cbb46d2cbacd8a89cf0599974963/12638816620102654898837729237608624961195355714724941213562963556305767235585,1
600,,,,1529951240486113280,,,https://discord.com/invite/MV9ygFWN,0
601,,,,1529951238585999360,,,https://discord.gg/AaMMkMPq,0
602,,,,1529951237244076032,,,http://cryptonftea.io,0
603,,,,1529951236329553920,,,http://discord.com/invite/atlantica,0
604,,,,1529951236203610112,,,http://discord.com/invite/atlantica,0
605,,,,1529951235893231617,,,https://discord.com/invite/cyberlinx,0
606,,,,1529951233313607680,,,http://discord.gg/Qptmetacard,0
607,,,,1529951233099849732,,,https://discord.gg/AaMMkMPq,0
608,,,,1529951233003335680,,,http://discord.gg/Qptmetacard,0
609,,,,1529951231640223744,,,http://discord.gg/reigningbearslc,0
610,,,,1529951227458768896,,,https://discord.gg/ZfW8tFZmWF,0
611,,,,1529951226921635840,,,https://discord.gg/uapsociety,0
612,,,,1529951224937648128,,,http://discord.gg/Qptmetacard,0
613,,,,1529951224673492994,,,https://opensea.io/assets/matic/0x2953399124f0cbb46d2cbacd8a89cf0599974963/12638816620102654898837729237608624961195355714724941213562963556305767235585,1
614,,,,1529951223884836865,,,https://teia.art/objkt/738631,0
615,,,,1529951223356456960,,,https://discord.gg/AaMMkMPq,0
616,,,,1529951223054405634,,,http://Discord.gg/Moopy,0
617,,,,1529951218813923329,,,https://projectupload.io,0
618,,,,1529951215752208426,,,https://discord.gg/RGaZA5J4jw,0
619,,,,1529951215412744192,,,https://discord.gg/AaMMkMPq,0
620,,,,1529951214653255680,,,http://cryptonftea.io,0
621,,,,1529951213097189376,,,http://discord.gg/ikigaigenesis,0
622,,,,1529951212375793673,,,https://discord.gg/AaMMkMPq,0
623,,,,1529951212245852160,,,https://freetipscout.com/analysis/sorare/sorare-one-to-watch-stelios-andreou/,0
624,,,,1529951212111818752,,,http://cryptonftea.io,0
625,,,,1529951210605797378,,,https://discord.com/invite/7SfEpx5a,0
626,,,,1529951209724866560,,,https://discord.com/invite/8zQ2QaPcn9,0
627,,,,1529951209003659264,,,https://givelab.com/goldmandxreaper,0
628,,,,1529951208642949121,,,https://opensea.io/assets/matic/0x2953399124f0cbb46d2cbacd8a89cf0599974963/12638816620102654898837729237608624961195355714724941213562963556305767235585,1
629,,,,1529951208449925124,,,https://discord.gg/8mueypqH,0
630,,,,1529951203836035074,,,http://discord.gg/et69qhsQAy,0
631,,,,1529951202754060295,,,https://discord.com/invite/bzDJ6mBC8c,0
632,,,,1529951198526046208,,,https://discord.gg/5wC3YW4dKa,0
633,,,,1529951192448737281,,,http://discord.gg/apenightclub,0
634,,,,1529951190120812545,,,https://discord.gg/xkPRvxNY,0
635,,,,1529951188921245707,,,http://Crypto.com,0
636,,,,1529951186555703298,,,https://opensea.io/assets/matic/0x2953399124f0cbb46d2cbacd8a89cf0599974963/12638816620102654898837729237608624961195355714724941213562963556305767235585,1
637,,,,1529951185326727176,,,http://Discord.gg/FeistyHyenas,0
638,,,,1529951185137975299,,,https://opensea.io/collection/cursed-deer-doodles,1
639,,,,1529951184454406145,,,https://opensea.io/assets/matic/0x2953399124f0cbb46d2cbacd8a89cf0599974963/9009232459825652396736805196239917602439333569256383674810404773206119415809/,1
640,,,,1529951181577019402,,,http://discord.gg/bAS3TFStw9,0
641,,,,1529951180746547205,,,http://discord.gg/YT4GdWZmth,0
642,,,,1529951178196504576,,,http://Discord.gg/FeistyHyenas,0
643,,,,1529951175595941892,,,http://discord.gg/98Z8wrscCe,0
644,,,,1529951173465235467,,,https://givelab.com/wireshape-luxy/wireshape-luxy-nectaverse-epic-key-giveaway,0
645,,,,1529951172290920450,,,https://opensea.io/assets/matic/0x2953399124f0cbb46d2cbacd8a89cf0599974963/12638816620102654898837729237608624961195355714724941213562963556305767235585,1
646,,,,1529951170877603842,,,https://discord.gg/VjbhUR6AGK,0
647,,,,1529951170235535360,,,http://discord.com/invite/atlantica,0
648,,,,1529951167962398720,,,https://discord.gg/uapsociety,0
649,,,,1529951167765422080,,,http://discord.com/invite/atlantica,0
650,,,,1529951167694123008,,,http://discord.gg/birdsnblades,0
651,,,,1529951163931582475,,,https://discord.gg/h2nVU2psXp,0
652,,,,1529951158965526542,,,https://www.premint.xyz/girls-in-pink-2/,0
653,,,,1529951158025920512,,,https://www.premint.xyz/everybodysxhabbo/,0
654,,,,1529951154678923269,,,https://opensea.io/assets/matic/0x2953399124f0cbb46d2cbacd8a89cf0599974963/12638816620102654898837729237608624961195355714724941213562963556305767235585,1
655,,,,1529951154674753536,,,https://opensea.io/collection/lazygrape,1
656,,,,1529951151952920578,,,https://grushfinance.medium.com/new-updates-in-june-68813bf4d7bd,0
657,,,,1529951151650529281,,,http://discord.gg/sovereignnft,0
658,,,,1529951151361183744,,,https://discord.gg/ZfW8tFZmWF,0
659,,,,1529951151222935552,,,https://discord.gg/vividcojp,0
660,,,,1529951150136602638,,,https://discord.gg/AaMMkMPq,0
661,,,,1529951145321455620,,,http://discord.com/invite/atlantica,0
662,,,,1529951144428068865,,,http://Discord.gg/FeistyHyenas,0
663,,,,1529951143769563147,,,https://discord.gg/RGaZA5J4jw,0
664,,,,1529951140837720066,,,http://app.solanaprime.com,1
665,,,,1529951137683472384,,,http://discord.gg/Qptmetacard,0
666,,,,1529951137511661574,,,http://discord.gg/radiantrobots,0
667,,,,1529951137406787584,,,https://opensea.io/collection/cursed-deer-doodles,1
668,,,,1529951132797349888,,,http://Discord.gg/FeistyHyenas,0
669,,,,1529951132067708928,,,https://www.loungelovers.io/mint/,0
670,,,,1529951131840962575,,,https://opensea.io/assets/matic/0x2953399124f0cbb46d2cbacd8a89cf0599974963/12638816620102654898837729237608624961195355714724941213562963556305767235585,1
671,,,,1529951129945128960,,,https://discord.com/invite/7SfEpx5a,0
672,,,,1529951127885733901,,,https://discord.gg/jGPqx2r35a,0
673,,,,1529951126950494212,,,https://discord.gg/AaMMkMPq,0
674,,,,1529951126506078209,,,https://hector.finance/,0
675,,,,1529951123528097793,,,https://opensea.io/assets/matic/0x2953399124f0cbb46d2cbacd8a89cf0599974963/28480061449616952339999001829582514056965285005595834933663473485828214226945/,1
676,,,,1529951122890317838,,,http://Discord.gg/FeistyHyenas,0
677,,,,1529951115491835904,,,http://discord.com/invite/atlantica,0
678,,,,1529951114627620867,,,https://discord.gg/8mueypqH,0
679,,,,1529951114199564288,,,https://discord.gg/5wC3YW4dKa,0
680,,,,1529951113872801793,,,http://cryptonftea.io,0
681,,,,1529951112777895938,,,https://discord.gg/uapsociety,0
682,,,,1529951112022872064,,,http://Discord.gg/FeistyHyenas,0
683,,,,1529951110949134336,,,https://giv.gg/wireshape-luxy,0
684,,,,1529951109074546688,,,https://discord.gg/5wC3YW4dKa,0
685,,,,1529951107304284160,,,http://discord.gg/xsK7MySwZQ,0
686,,,,1529951105005805573,,,https://discord.gg/phunkyapeyc,0
687,,,,1529951103055544320,,,https://discord.gg/AaMMkMPq,0
688,,,,1529951101323198464,,,http://Discord.gg/FeistyHyenas,0
689,,,,1529951101151232001,,,https://discord.gg/AaMMkMPq,0
690,,,,1529951100102664203,,,http://discord.gg/cosmoheroes,0
691,,,,1529951095312850944,,,http://discord.gg/xsK7MySwZQ,0
692,,,,1529951094201262082,,,https://discord.gg/h2nVU2psXp,0
693,,,,1529951092800466945,,,https://opensea.io/assets/matic/0x2953399124f0cbb46d2cbacd8a89cf0599974963/112018483904749626824978119015518504819632319332869515337600397675120174301185/,1
694,,,,1529951090543845383,,,https://discord.gg/AaMMkMPq,0
695,,,,1529951089696686081,,,http://Discord.gg/FeistyHyenas,0
696,,,,1529951089641943040,,,http://discord.gg/xsK7MySwZQ,0
697,,,,1529951086823497743,,,http://discord.com/invite/wv2Dfs6nKC,0
698,,,,1529951081400254465,,,https://discord.gg/AaMMkMPq,0
699,,,,1529951080376717312,,,https://discord.gg/uapsociety,0
700,,,,1529951078053199876,,,https://discord.gg/uapsociety,0
701,,,,1529951075842793472,,,http://Discord.gg/FeistyHyenas,0
702,,,,1529951074861207552,,,http://discord.com/invite/atlantica,0
703,,,,1529951074626555904,,,https://discord.gg/AaMMkMPq,0
704,,,,1529951073934655488,,,https://discord.gg/nxCmSRgVEP,0
705,,,,1529951073636691968,,,https://discord.gg/xsK7MySwZQ,0
706,,,,1529951066535735297,,,http://discord.gg/pJzKRXnC5C,0
707,,,,1529951065214525441,,,https://soonaverse.com/collection/0x8168934f4c5b09882d0ede47d2caf8b356c6f728,0
708,,,,1529951064157732864,,,http://Discord.gg/FeistyHyenas,0
709,,,,1529951062379139074,,,https://discord.gg/nZgyYdWVq2,0
710,,,,1529951061603192834,,,http://www.instagram.com/devolutionofficial/,0
711,,,,1529951057169760263,,,http://discord.gg/q3Bm4yQyU8,0
712,,,,1529951053587824640,,,https://acortar.link/Z8rvAx,0
713,,,,1529951053088555008,,,http://discord.gg/yG7raTJ9KC,0
714,,,,1529951052639920138,,,http://Discord.gg/FeistyHyenas,0
715,,,,1529951045505392640,,,https://discord.gg/AaMMkMPq,0
716,,,,1529951042749833217,,,https://discord.gg/V6wuwhRukN,0
717,,,,1529951042636378112,,,http://discord.gg/et69qhsQAy,0
718,,,,1529951042321932294,,,http://Desmoxome.io,0
719,,,,1529951042145771520,,,https://discord.gg/RGaZA5J4jw,0
720,,,,1529951041306910721,,,https://discord.gg/phunkyapeyc,0
721,,,,1529951040711319553,,,http://Discord.gg/FeistyHyenas,0
722,,,,1529951037209075716,,,http://discord.gg/ybeDEUZGnE,0
723,,,,1529951033375752192,,,https://discord.gg/BlockPlay,0
724,,,,1529951029726687232,,,https://discord.gg/vividcojp,0
725,,,,1529951028983889920,,,http://discord.gg/yG7raTJ9KC,0
726,,,,1529951028153827328,,,http://discord.gg/AKYJSSyrdE,0
727,,,,1529951026551349249,,,http://Discord.gg/FeistyHyenas,0
728,,,,1529951021954383872,,,https://discord.gg/uapsociety,0
729,,,,1529951021770117121,,,https://discord.gg/5wC3YW4dKa,0
730,,,,1529951021035831297,,,https://discord.gg/AaMMkMPq,0
731,,,,1529951020637626368,,,https://grushfinance.medium.com/new-updates-in-june-68813bf4d7bd,0
732,,,,1529951016384270336,,,https://discord.gg/5wC3YW4dKa,0
733,,,,1529951014434095106,,,http://Discord.gg/FeistyHyenas,0
734,,,,1529951013481771008,,,http://discord.com/invite/atlantica,0
735,,,,1529951012613922817,,,http://discord.gg/AKYJSSyrdE,0
736,,,,1529951010898481152,,,https://discord.gg/daDBc6BH77,0
737,,,,1529951007815323650,,,http://discord.com/invite/atlantica,0
738,,,,1529951006947168256,,,https://discord.gg/crazedcrooks,0
739,,,,1529951006741737474,,,http://discord.gg/AKYJSSyrdE,0
740,,,,1529951006393397249,,,http://discord.gg/moderndrummerclub,0
741,,,,1529951006326415380,,,http://discord.gg/AKYJSSyrdE,0
742,,,,1529951006276075522,,,https://www.monkeyminersnft.com/,0
743,,,,1529951005621854208,,,http://discord.gg/AKYJSSyrdE,0
744,,,,1529951005009489921,,,http://discord.gg/AKYJSSyrdE,0
745,,,,1529951004732579851,,,http://discord.gg/AKYJSSyrdE,0
746,,,,1529951003432345611,,,http://discord.gg/AKYJSSyrdE,0
747,,,,1529951003382108163,,,https://discord.gg/uapsociety,0
748,,,,1529951003101085698,,,http://discord.gg/AKYJSSyrdE,0
749,,,,1529951002782310400,,,http://discord.gg/AKYJSSyrdE,0
750,,,,1529951001851179010,,,http://discord.gg/8zQ2QaPcn9,0
751,,,,1529951001851138048,,,http://discord.gg/AKYJSSyrdE,0
752,,,,1529951001603899392,,,http://discord.gg/AKYJSSyrdE,0
753,,,,1529951001276473353,,,http://Discord.gg/FeistyHyenas,0
754,,,,1529951000584413186,,,http://discord.gg/AKYJSSyrdE,0
755,,,,1529951000223784960,,,http://discord.gg/AKYJSSyrdE,0
756,,,,1529950999925907466,,,http://discord.gg/AKYJSSyrdE,0
757,,,,1529950999829413890,,,http://discord.gg/AKYJSSyrdE,0
758,,,,1529950999561093120,,,http://discord.gg/AKYJSSyrdE,0
759,,,,1529950999389036544,,,http://discord.gg/AKYJSSyrdE,0
760,,,,1529950999078502400,,,http://discord.gg/AKYJSSyrdE,0
761,,,,1529950998470483985,,,http://discord.gg/AKYJSSyrdE,0
762,,,,1529950998239883266,,,http://discord.gg/AKYJSSyrdE,0
763,,,,1529950997837225984,,,http://discord.gg/AKYJSSyrdE,0
764,,,,1529950997564497926,,,http://discord.gg/AKYJSSyrdE,0
765,,,,1529950997174435840,,,http://discord.gg/AKYJSSyrdE,0
766,,,,1529950996901896192,,,http://discord.gg/AKYJSSyrdE,0
767,,,,1529950996868259848,,,http://discord.gg/AKYJSSyrdE,0
768,,,,1529950996687994880,,,http://discord.gg/AKYJSSyrdE,0
769,,,,1529950996658589696,,,http://Discord.gg/FeistyHyenas,0
770,,,,1529950996482478081,,,http://discord.gg/AKYJSSyrdE,0
771,,,,1529950995559636993,,,http://discord.gg/AKYJSSyrdE,0
772,,,,1529950995018567680,,,http://discord.gg/q3Bm4yQyU8,0
773,,,,1529950994846605332,,,http://discord.gg/AKYJSSyrdE,0
774,,,,1529950994771193856,,,http://discord.gg/AKYJSSyrdE,0
775,,,,1529950994699804689,,,http://discord.gg/AKYJSSyrdE,0
776,,,,1529950994502672387,,,http://discord.gg/AKYJSSyrdE,0
777,,,,1529950993990967297,,,http://discord.gg/AKYJSSyrdE,0
778,,,,1529950993588314116,,,http://discord.gg/AKYJSSyrdE,0
779,,,,1529950992971751425,,,http://discord.gg/AKYJSSyrdE,0
780,,,,1529950992820756501,,,http://discord.gg/HauntedGoats,0
781,,,,1529950992715898886,,,http://discord.gg/AKYJSSyrdE,0
782,,,,1529950992699117570,,,http://discord.gg/AKYJSSyrdE,0
783,,,,1529950992493600797,,,http://discord.gg/AKYJSSyrdE,0
784,,,,1529950992451743744,,,http://discord.gg/AKYJSSyrdE,0
785,,,,1529950991386398722,,,http://discord.gg/AKYJSSyrdE,0
786,,,,1529950991352999939,,,https://opensea.io/assets/0x495f947276749ce646f68ac8c248420045cb7b5e/112874022840299520684400950178963442071993929399303096297839670002255531081729/,1
787,,,,1529950991281430528,,,http://discord.gg/AKYJSSyrdE,0
788,,,,1529950990807576576,,,http://discord.gg/AKYJSSyrdE,0
789,,,,1529950990232870912,,,http://discord.gg/AKYJSSyrdE,0
790,,,,1529950990052782080,,,http://discord.gg/AKYJSSyrdE,0
791,,,,1529950990019055621,,,http://discord.gg/AKYJSSyrdE,0
792,,,,1529950990015041536,,,http://discord.gg/niftymedia-art,0
793,,,,1529950989494759429,,,http://discord.gg/AKYJSSyrdE,0
794,,,,1529950989251387392,,,https://opensea.io/collection/words-of-widsom,1
795,,,,1529950989167775745,,,http://discord.gg/AKYJSSyrdE,0
796,,,,1529950988836167695,,,http://discord.gg/AKYJSSyrdE,0
797,,,,1529950988710338571,,,http://discord.gg/AKYJSSyrdE,0
798,,,,1529950987745648642,,,http://discord.gg/AKYJSSyrdE,0
799,,,,1529950987670151179,,,http://discord.gg/AKYJSSyrdE,0
800,,,,1529950987473018883,,,http://discord.gg/AKYJSSyrdE,0
801,,,,1529950986806120448,,,http://discord.gg/AKYJSSyrdE,0
802,,,,1529950986751598592,,,http://discord.gg/AKYJSSyrdE,0
803,,,,1529950986093350912,,,http://discord.gg/AKYJSSyrdE,0
804,,,,1529950985833046030,,,http://Discord.gg/FeistyHyenas,0
805,,,,1529950985807880192,,,http://discord.gg/AKYJSSyrdE,0
806,,,,1529950985728278528,,,http://discord.gg/AKYJSSyrdE,0
807,,,,1529950985724088322,,,http://discord.gg/AKYJSSyrdE,0
808,,,,1529950985027739648,,,https://discord.gg/junglebay,0
809,,,,1529950984948047887,,,https://discord.gg/G4UkAMzCaj,0
810,,,,1529950984876830722,,,http://discord.gg/AKYJSSyrdE,0
811,,,,1529950984226623488,,,http://discord.gg/AKYJSSyrdE,0
812,,,,1529950984167821313,,,http://discord.gg/AKYJSSyrdE,0
813,,,,1529950984113475585,,,http://discord.gg/AKYJSSyrdE,0
814,,,,1529950983782121472,,,http://discord.gg/AKYJSSyrdE,0
815,,,,1529950983652007941,,,http://discord.gg/AKYJSSyrdE,0
816,,,,1529950983240966151,,,https://discord.gg/AaMMkMPq,0
817,,,,1529950982511153155,,,http://discord.gg/AKYJSSyrdE,0
818,,,,1529950981705945092,,,http://discord.gg/AKYJSSyrdE,0
819,,,,1529950981324152834,,,http://discord.gg/AKYJSSyrdE,0
820,,,,1529950981286420493,,,http://discord.gg/AKYJSSyrdE,0
821,,,,1529950980372062226,,,http://discord.gg/AKYJSSyrdE,0
822,,,,1529950979965296641,,,http://discord.gg/AKYJSSyrdE,0
823,,,,1529950979617169410,,,http://discord.gg/AKYJSSyrdE,0
824,,,,1529950978975358979,,,http://discord.gg/AKYJSSyrdE,0
825,,,,1529950978841116672,,,http://discord.gg/AKYJSSyrdE,0
826,,,,1529950978576990208,,,http://discord.gg/xYbrKd3Fz3,0
827,,,,1529950978300076042,,,http://discord.gg/AKYJSSyrdE,0
828,,,,1529950978283393024,,,http://discord.gg/AKYJSSyrdE,0
829,,,,1529950977750667264,,,http://discord.gg/AKYJSSyrdE,0
830,,,,1529950977104699400,,,http://discord.gg/AKYJSSyrdE,0
831,,,,1529950977092198401,,,http://discord.gg/AKYJSSyrdE,0
832,,,,1529950976895078400,,,http://discord.gg/AKYJSSyrdE,0
833,,,,1529950976798515201,,,http://discord.gg/AKYJSSyrdE,0
834,,,,1529950976483926017,,,http://discord.gg/AKYJSSyrdE,0
835,,,,1529950976299483137,,,http://discord.gg/AKYJSSyrdE,0
836,,,,1529950975900934144,,,https://discord.gg/AaMMkMPq,0
837,,,,1529950975691264000,,,http://discord.gg/AKYJSSyrdE,0
838,,,,1529950975691218944,,,http://discord.gg/AKYJSSyrdE,0
839,,,,1529950974776954881,,,https://discord.gg/uapsociety,0
840,,,,1529950974315757568,,,http://discord.gg/AKYJSSyrdE,0
841,,,,1529950974160297999,,,http://discord.gg/AKYJSSyrdE,0
842,,,,1529950973950582807,,,http://discord.gg/AKYJSSyrdE,0
843,,,,1529950973535436801,,,http://discord.gg/AKYJSSyrdE,0
844,,,,1529950972977586180,,,http://discord.gg/AKYJSSyrdE,0
845,,,,1529950972822315014,,,http://discord.gg/AKYJSSyrdE,0
846,,,,1529950972784660483,,,http://discord.gg/AKYJSSyrdE,0
847,,,,1529950972579131392,,,http://discord.gg/AKYJSSyrdE,0
848,,,,1529950972021202959,,,http://discord.gg/AKYJSSyrdE,0
849,,,,1529950972012908545,,,http://Discord.gg/FeistyHyenas,0
850,,,,1529950970968514560,,,http://discord.gg/AKYJSSyrdE,0
851,,,,1529950970846892036,,,http://discord.gg/AKYJSSyrdE,0
852,,,,1529950970649710592,,,http://discord.gg/AKYJSSyrdE,0
853,,,,1529950970469306368,,,http://discord.gg/AKYJSSyrdE,0
854,,,,1529950970452533325,,,https://discord.gg/AaMMkMPq,0
855,,,,1529950970398007300,,,http://discord.gg/AKYJSSyrdE,0
856,,,,1529950970242908161,,,http://discord.gg/AKYJSSyrdE,0
857,,,,1529950969089384459,,,http://discord.gg/AKYJSSyrdE,0
858,,,,1529950968766423047,,,http://discord.gg/AKYJSSyrdE,0
859,,,,1529950968690917377,,,http://discord.gg/AKYJSSyrdE,0
860,,,,1529950968191778817,,,http://discord.gg/AKYJSSyrdE,0
861,,,,1529950968082726919,,,http://discord.gg/AKYJSSyrdE,0
862,,,,1529950967772454913,,,http://discord.gg/AKYJSSyrdE,0
863,,,,1529950967302610948,,,http://discord.gg/AKYJSSyrdE,0
864,,,,1529950967235547141,,,http://discord.gg/AKYJSSyrdE,0
865,,,,1529950966845427713,,,http://discord.gg/AKYJSSyrdE,0
866,,,,1529950966199508992,,,http://discord.gg/AKYJSSyrdE,0
867,,,,1529950965608202242,,,http://discord.gg/AKYJSSyrdE,0
868,,,,1529950964995788806,,,http://discord.gg/AKYJSSyrdE,0
869,,,,1529950964706381826,,,http://discord.gg/AKYJSSyrdE,0
870,,,,1529950964689559552,,,http://discord.gg/AKYJSSyrdE,0
871,,,,1529950964429602820,,,http://discord.gg/AKYJSSyrdE,0
872,,,,1529950964265930758,,,http://discord.gg/AKYJSSyrdE,0
873,,,,1529950964240769029,,,http://discord.gg/AKYJSSyrdE,0
874,,,,1529950964236660737,,,http://discord.gg/AKYJSSyrdE,0
875,,,,1529950964056109056,,,https://discord.gg/uapsociety,0
876,,,,1529950963812945925,,,https://discord.gg/AaMMkMPq,0
877,,,,1529950963372531723,,,http://discord.gg/AKYJSSyrdE,0
878,,,,1529950962911432704,,,http://discord.gg/AKYJSSyrdE,0
879,,,,1529950962777047045,,,http://discord.gg/AKYJSSyrdE,0
880,,,,1529950961921318912,,,http://discord.gg/AKYJSSyrdE,0
881,,,,1529950961820700681,,,http://discord.gg/AKYJSSyrdE,0
882,,,,1529950961812361216,,,http://discord.gg/AKYJSSyrdE,0
883,,,,1529950960927264768,,,http://discord.gg/AKYJSSyrdE,0
884,,,,1529950960461795329,,,http://discord.gg/AKYJSSyrdE,0
