user_id,user_name
7.41077E+17,Crypto_GA_Arena
464012781,bainesy4886
7.58614E+17,CryptoElwis
1.35759E+18,gnarhost
1.34677E+18,GAContest_
3191032983,CryptoKing1st
346138696,RyZeJpeg
3421134838,ValleryMerk
1.05332E+18,prctiu
1.46038E+18,CryptoPunkRich
432927724,yumcrypto
1.22806E+18,SlothNFT_
1.23765E+18,YunaPromotes_
9.80799E+17,Barbiehost
1.39902E+18,APICPUNK
214406252,CryptoFeather_
1.35205E+18,CryptoShrek_
1.15836E+18,Bitcoinbro10
1.2353E+18,TwizzNFT
968062526,CryptoBoostMe
1.44398E+18,Mailuvss_
326622252,RedHuskai
1.37187E+18,GiveawayInspect
2541402348,GinieCrypto
467527154,isabellaaabrown
3293454098,bordong2
311003007,gemhostofficial
1.17099E+18,alphashilla
2541354078,DigitalJpeg
1.18703E+18,CryptoRhum
1.41532E+18,SophieLee48
1.3196E+18,nft__community_
1.40755E+18,AreumPromotes
1.44653E+18,SmartSolana
2309934393,cryptattoed
432063042,Profess0rCrypto
1.44424E+18,DJ_GIVEAWAY2
8.90774E+17,SAFACryptoCrew
1005328674,MilaPromot
1.39321E+18,liapesekbandung
1092109868,0xChaneL02
216580114,GingaBubaCrypto
1.40141E+18,LeoPromotes
3048946786,NFTJacobz
1571865672,ninasimonic
1.30844E+18,DoyoungPromotes
232929077,MissParisCrypto
178493281,coodazai
1.4264E+18,wonieegives
3166008431,cryptomeks
1416152640,MrsunNFT
1.41635E+18,nftpixelart_
1.1255E+18,hollow18_
1.35508E+18,FLOATNFTS
8.51103E+17,Crypto_Hawkk
9.5746E+17,MesiPromotes_
458866138,NasBitcoin
9.8486E+17,MazeWandaX
1.39448E+18,Giveaway__Whale
1.40659E+18,Lunargives
76926772,CryptoPad100x
1564490666,TokyooNFT
9.31365E+17,JpegGems1
1.42966E+18,TRONIXeth
1.47932E+18,jejje113
1.41425E+18,PlasmaCrypto
1.33524E+18,traderoctopus
218062002,CryptoBooster_7
8.17797E+17,SafeMoonRich
1.23253E+18,CRYPTOPROM0S
22326646,LiTOfficiall
4574226553,GlazeCrypto
248055550,cryprules
1.3045E+18,bitcoindinos
1.24968E+18,CalliNFTs
3306286357,gemhost
1354389133,FatherPromos
9.25562E+17,Cryptinna
1.49657E+18,Kxthify
8.27516E+17,onecryptogirl
1.26923E+18,Ralph_NFTBuddy
1.12622E+18,NftsWind
1.26567E+18,angel_funsized
31992855,2motivate
1.27908E+18,CryptoCallista
1.396E+18,CryptoQueenDM
1.38966E+18,SarahPromotions
109498457,bricepromos
1954313480,bravepromote
1.42508E+18,JayTheGaHost
4583331132,PsyJayCrypto
1.25985E+18,GridGamingIO
1.22528E+18,MysteryColle
1.3751E+18,TrueGemHunter
1.4856E+18,HarleyProm_
588626966,xFluxsi
1.36377E+18,HwanniePromotes
235522474,Marksmith1M
2942872475,4dynastyrich
1.45898E+18,juliahost_
1.40215E+18,FoxGives
1.26024E+18,GHOOFYNFT
1.02341E+18,pumpcoinbets
1.37788E+18,Jopromote
1.47142E+18,AliyaCrypto
1206028694,ShinaFloria
1.47187E+18,promotergr
7.95985E+17,DannyCryptoGA
7.11114E+17,Micopromotes
1.28442E+18,CyprusCrypto1
1.15627E+18,ladyincrypto
1.38703E+18,CryptoBarnuts
481066177,SnoopDoggBtc
8.21019E+17,vibe5viral
1.41461E+18,Lovelyhost
2355515174,LandenNFT
1.36573E+18,Cryptoishaz
1.19011E+18,CryptoGod1101
910170146,furrincrypto
1.36124E+18,resaalfny
1.39684E+18,necuritynft
1.4501E+18,kloogives
2971014432,NFTCheerios
404266277,JpegHoki
1.0745E+18,FinalAyyMG
1.38748E+18,Roostergives
1.47597E+18,Prodigyko
1.35549E+18,Vieweity
1.34714E+18,princesspromos_
395004842,FacuMazzei
93431411,LinShungNFT
495249214,peterhuntcrypto
158022096,cryto_billy
336957898,dexynft
1.44693E+18,MADMarketingX
1.11205E+18,jackerscrypto
204513061,NFTSebastian
9.15334E+17,MartyBrown_C
323032855,iCryptoFran
1.30815E+18,Unananaa_
1.32029E+18,CryptoKanyee
9.1384E+17,Natty_Crypto
6.98426E+17,amangkings
1.3387E+18,YnahGives
1.45318E+18,JukeNFT
955190844,CryptoArch1tect
3784267347,CactusNFT_
104060463,MadSkyX
1155120696,SouthernDeFi
1.29536E+18,CryptoBrace
1.07214E+18,cryptovenizo
1.45949E+18,cloudgemz
1.43856E+18,_CRYPTO_RAPTORS
806442732,borgchain
9.88667E+17,kyoongbh_
407108565,dogespromote
1.42111E+18,kuyawat
1.37768E+18,Kripto_Crab
1.43193E+18,TartUniverse
33827636,2021gemtoken
1.3526E+18,cryptosniper99
1.39382E+18,TheNFT_World
1.39353E+18,sereingives
1.35968E+18,GlobalNftCentre
7173232,crypto_bearr
3021015037,TariCrypto
1.17376E+18,cryptohomii
250196976,JessieCrypt0
2360235764,shiepromotes
1430978480,PacificETH
1.42869E+18,Alphawolf_1_
2862991739,DrewPromos
1.40341E+18,CryptoBoltx
208563834,MrNFTexpert
1.36105E+18,DefiGabbi
1.49118E+18,RJWGMI
812104176,zenpromoter
1.46132E+18,missufe
1.28364E+18,CryptoLabX
3368512093,CryptoToken_
1.39483E+18,GawsStiph
1.05113E+18,CryptoRanger_
1.41233E+18,crypto_margo
1.3968E+18,KleitoNft
1.2124E+18,pakkrabbit
2503386737,crypto_pikachu1
1.47146E+18,ZaraPromotes
