bainesy4886,YANAGOCH,Promoter, marketing specialist, NFT enthusiast,
bainesy4886,YANAGOCH,Promoter, marketing specialist, NFT enthusiast,
bainesy4886,Realitymeta,Iconic Buildings as @NFT 
Private is OPEN
Check out at https://t.co/1O2pVp1iv8
Our DISCORD at https://t.co/diGgMfhGcX,https://t.co/Iy13peK77j
bainesy4886,Realitymeta,Iconic Buildings as @NFT 
Private is OPEN
Check out at https://t.co/1O2pVp1iv8
Our DISCORD at https://t.co/diGgMfhGcX,https://t.co/Iy13peK77j
bainesy4886,MarioNawfal,Founder @ https://t.co/hxjr811Q4I -

Host @ https://t.co/W8NYWdylFA -

Co-founder @ https://t.co/dTCDNU1Wsb (Stock Ticker: NFT) -

Invest, Incubate, Accelerate,https://t.co/OC0lfmgGkO
bainesy4886,MarioNawfal,Founder @ https://t.co/hxjr811Q4I -

Host @ https://t.co/W8NYWdylFA -

Co-founder @ https://t.co/dTCDNU1Wsb (Stock Ticker: NFT) -

Invest, Incubate, Accelerate,https://t.co/OC0lfmgGkO
CryptoElwis,RebelBeesClub,Relentless war of rebel bees and other colonies.. Queens and their soldiers... #Animations #Books #Games #Clubs #NFT #Collection #Community #NFTs #RebelBeesClub,https://t.co/mjCZ5WgMdf
CryptoElwis,cryptomeks,Crypto | Bitcoin | NFT | Giveaway | BÄ°NANCE ðŸ‘‡,https://t.co/JDju8z191N
CryptoElwis,gamifigg,GamiFi is an IDO launchpad built for the #Metaverse where builders & founders get funded by the community. #GamiFi #gaming #nfts #gmi #gmiarmy
https://t.co/bF0OkUc1E1,https://t.co/gFBTcvjpIS
CryptoElwis,gamifigg,GamiFi is an IDO launchpad built for the #Metaverse where builders & founders get funded by the community. #GamiFi #gaming #nfts #gmi #gmiarmy
https://t.co/bF0OkUc1E1,https://t.co/gFBTcvjpIS
CryptoKing1st,ragstorichienft,10,000 NFTs Hand Drawn by @alecmonopoly ðŸŽ¨ | NFT Game ðŸ’¸ | Metaverse ðŸŽ©  | Giveaways & Rewards in Art Prizes ðŸ’°

Discord: OPEN | MINT : TBA ðŸ“¢,https://t.co/BmNfc7cKvP
