user_id, user_name, followers, tweet_url, tweet ,Label,,
7.41077E+17,Crypto_GA_Arena,204526,https://twitter.com/random/status/1522223997777506305,$100 Giveaway ~ Ends In 24hrs â°\n\nğŸ”¹RT + Follow @NFTAnalystIG \n\nGood luck ğŸ’« https://t.co/ZHsfE7l865,Promoter,,
1976242206,MissIndahReal,84128,https://twitter.com/random/status/1520339068319457280,ğŸ’° $20 | 290.000 IDR in 24 HoursğŸ¦‹\n\nRT &amp; Follow  @Astarter_Pad,Promoter,,
464012781,bainesy4886,199668,https://twitter.com/random/status/1535281816034234369,$100 ğŸš€ 24 hours\n\nMust retweet this and follow @MarioNawfal &amp; myself ($50)\n\nSet Reminder ($50) ğŸ‘‡ğŸ» https://t.co/6nYksB9ARW Post Proof,Promoter,,
7.58614E+17,CryptoElwis,183923,https://twitter.com/random/status/1535613334808154112,$50 in 12 Hours RT,Promoter,,
1.35759E+18,gnarhost,190518,https://twitter.com/random/status/1529072368492355584,$10 in 60 mins!\n\n- RT and follow @maxter_crypto \n@BenCryptwo,Promoter,,
1.37355E+18,nft_boyka,90558,https://twitter.com/random/status/1536353220150296581,$400 â€¢ 8 hrs â€¢ 4 WINNERS\n\nRT â€¢ LIKE â€¢ FOLLOW\n\n@NotpoopNFT \n@PromoterLenka \n@metazukii \n@nft_boyka,Promoter,,
1.34677E+18,GAContest_,348907,https://twitter.com/random/status/1535525931250372608,$100 Giving in 24 HOURS\n\nRT &amp; Follow @katherine_Promo ğŸ””,Promoter,,
3191032983,CryptoKing1st,616357,https://twitter.com/random/status/1536432276707282944,$100 IN 8 HOURS\n\n- RT &amp; Follow @ArcanaContinuum,Promoter,,
242169113,LaQArth,916449,https://twitter.com/random/status/1536309924724199424,$150 | 24 Hours | ğŸº\n\n$75\nâ˜‘ï¸ RT â€¢ Follow : @StopWarNFT2022 \n\n$75\nâ˜‘ï¸ Join Discord : https://t.co/zdcK0wHcmq\n\nPost Proof,Promoter,,
1.48364E+18,cleollipop,74772,https://twitter.com/random/status/1537985253838843910,$5 || 60 MINS \n\nRT &amp; follow @tr3vcrypto,Promoter,,
2820741398,proofinthedoof,47514,https://twitter.com/random/status/1535702349263405056,$20 | 2 days\n\nâ€¢ RT + Follow @NotFun22 ğŸ”” \n\nPost a gif you think Sooty would like.\n\n#SootyNotSorry https://t.co/p5xXlZla3c,Promoter,,
1.05332E+18,prctiu,199512,https://twitter.com/random/status/1536600390963445761,$20 | 280.000 IDR IN 3HOURSğŸ\n\n~ retweet\n~ rt,Promoter,,
432927724,yumcrypto,1052537,https://twitter.com/random/status/1529115137344700417,$50 || 700.000 IDR || IN 12 HOURS\n\nâœ… RT \nâœ… RT &amp; Like @ATM_Official1  pinned ğŸ“Œ,Promoter,,
1.29124E+18,CryptoGeum,107462,https://twitter.com/random/status/1532551451935121410,$70 || 1 JT in 24 hours\n\nRT &amp; Follow @Oases_NFT + RT ğŸ“Œ,Promoter,,
1.46121E+18,sitiogiveaways,63934,https://twitter.com/random/status/1536324448378564608,$1 ~ 15 minutes ğŸ§­\n\n- RT &amp; Follow @RexxaProms w/ğŸ””,Promoter,,
8.66148E+17,kirsofficial,535655,https://twitter.com/random/status/1537202556534808576,$15 | 210.000 IDR â€“ 2 HOURS \n\nRT + RT LIKE &amp; Tag friends on @cymmelanie1 ğŸ“Œ,Promoter,,
1.22806E+18,SlothNFT_,159072,https://twitter.com/random/status/1508848795550826496,$150[ 1 winner ] 24 hrs $DAOGOFINANCE\n\nğŸ’¥RT - Follow \n@DaogoFinance\n\nğŸ’¥Join Discord: https://t.co/xTVCHixgqz,Promoter,,
1.23765E+18,YunaPromotes_,134596,https://twitter.com/random/status/1536454542594027520,$50 ~ 735K | 6 HOURS â³\n\nâ€¢ RT &amp; Like/RT @thenftgeneral ğŸ“Œ,Promoter,,
1.41594E+18,queennKrii,122662,https://twitter.com/random/status/1536481618130776064,$10 | 136k ~ 120 mins (KG 1ğŸ“)\n\nã…¡ retweet + follow @metacropolisnft  \n\nã…¡ rt + tag 3 friends on theirğŸ“Œ,Promoter,,
179512534,itsDozmazek,64036,https://twitter.com/random/status/1535874987684511744,$300 | 24 Hours â°\n\n- RT + Follow @metabrewsociety \n- Like,Promoter,,
256150251,CertLucas,135605,https://twitter.com/random/status/1526544197767012354,ğŸ’µ Giving Away WL Spots! \n\nğŸ Follow @TheFuturesNFT \nâ€¢ RT &amp; Like \nâ€¢ Tag Friends                                 \n~~~~~~~~~~~~~~~~~~~,Promoter,,
1.26373E+18,fIeuriya,49951,https://twitter.com/random/status/1535149660142465025,$3â”†â‚±150â”†42K IDR â± 3 HOURS\n\nRT &amp; Follow @sharksproms (ğŸ””),Promoter,,
1312032097,CaesarNFTx,50940,https://twitter.com/random/status/1527597026564788224,$200 $SOL ğŸ† 1 Winner ~ â€¢fast\n\nâ¡ï¸ RT + Like + Tag friends\nâ¡ï¸ Follow @AvaxRegion,Promoter,,
2411460916,TJCobain,188617,https://twitter.com/random/status/1516725304168955907,$150 ~ 24 hours ğŸ\n\nRT,Promoter,,
1.25494E+18,Crypto_NemoBTC,86338,https://twitter.com/random/status/1514821601040154633,$20 GIVEAWAY ğŸš€ğŸš€ğŸš€\n\nğŸ”¥RT &amp; LIKE\n\nğŸ”¥Tag 3 friends\n\nğŸ”¥follow @TheHumanians \n\nğŸ”¥join discord https://t.co/M7GHqBHuZu https://t.co/d9il7ADiga,No,,
1.43602E+18,BillyWarwickLDN,115459,https://twitter.com/random/status/1536322073492131841,$100 6 hrs\n\nRetweet + follow @astonknights1,Promoter,,
1.46139E+18,sharksproms,98739,https://twitter.com/random/status/1536706188637011975,$15 || 186.300 IDR ~ 6 HOURS \n\nRT this + RT,Promoter,,
214406252,CryptoFeather_,277078,https://twitter.com/random/status/1536314023477919744,$20 || 270.000 IDR || 1000 PHP || âŒš 8 HOURS\n\nâ€“ RT &amp; RT + vote on @DacxiCoin ğŸ“Œ https://t.co/FPwgJgNvLo,Promoter,,
1.15836E+18,Bitcoinbro10,304834,https://twitter.com/random/status/1536543951930286081,$75 || RT in 12hrsâ­ï¸\n\nJust follow @meaniegives,Promoter,,
1.38899E+18,yazzhiee,101175,https://twitter.com/random/status/1536620753919311872,$10 || 140.000 IDR â€¢ 120MINS \n\nRT Like + Follow \n@xpressionthemc \n@myke_wazowskie,Promoter,,
1.4821E+18,DezzNFTs,57783,https://twitter.com/random/status/1538212387643342851,$10 â€¢ 30 Mins\n\nrt this,Promoter,,
1.31443E+18,angel_eun_,62084,https://twitter.com/random/status/1518933532365967360,$50 || â‚±2,Promoter,,
430426403,Bitbro10,561580,https://twitter.com/random/status/1535267254027395072,$10 RT in 20 mins Just follow @CopperReckoner ğŸ’¥,Promoter,,
1.04959E+18,JamesB_65,160242,https://twitter.com/random/status/1536659523565408256,ğŸŸ§GIVEAWAY $112ğŸŸ§ 24 hrs\n\nRT &amp; follow:\n\n@TheJkay_ \n@k4thgives \n@JennieProms \n\nThanks! ğŸ˜Š,No,,
968062526,CryptoBoostMe,334116,https://twitter.com/random/status/1532752021161377793,Congratulations @0xPartlyycloud you won $50\n\nDraw ID - UfJr4d4wwYR51a32 via Pickaw\n\nPlease message me with this tweet to claim your prize.,Promoter,,
2411626783,Missypromotes,255653,https://twitter.com/random/status/1536311251386920961,$50 GIVEAWAY \n\n- RT &amp; Follow @healthydicks + RT &amp; Like ğŸ“Œ\n\nend 4 hours ğŸ’›,Promoter,,
1.44398E+18,Mailuvss_,113337,https://twitter.com/random/status/1536508485885894656,$15 | 202.500 IDR â€” 8 hrs \n\nâ€“ RT &amp; Follow @CyberverseReal + RT,Promoter, and Tag friends on his ğŸ“Œ,
1.51823E+18,BiancaNFT_,79332,https://twitter.com/random/status/1537420485117497346,$500 | 7000.000 IDR ~ 24 HOURS\n\n300$\nRT &amp; Follow @KGDIAMONDTIPS \n\n200$\nRT pin ğŸ“Œ@KGDIAMONDTIPS drop proof,Promoter,,
1.18724E+18,CodyOrlove,62568,https://twitter.com/random/status/1525902691263827971,Iâ€™m giving $20,Promoter,,
1.51246E+18,pierstenT,65405,https://twitter.com/random/status/1531290901699502082,ğŸ’°$100 in 24 hoursğŸ’°\n\nâœ…RT &amp; Follow @Ethermon_NFT \nâœ…Like &amp; Retweet @Ethermon_NFT ğŸ“Œ,Promoter,,
8.78342E+17,kaiaaluv,50206,https://twitter.com/random/status/1535636056866885632,$5 â”Š 70.000 IDR ~ 2 HRSâœ¨\n\nâ€”LIKE @_Crypto_Dubai last retweet\nâ€”RT this + rep done,Promoter,,
389010886,StevenAscher,51536,https://twitter.com/random/status/1535652585985781760,@MacroCRG At least thereâ€™s a strong support at $200â€¦.,No,,
1.20036E+18,GiveAwayHost,363933,https://twitter.com/random/status/1536459479239503872,$50 in 4 hours ğŸ‹ğŸŠ\n\n-RT this\n-RT /like  @TheYuaVerse  ğŸ“Œ,Promoter,,
1.49602E+18,GroverPromotes,41599,https://twitter.com/random/status/1536499442261827584,$2 | 28K IDR â€¢ 2 HOURS\n\n- RT &amp; Follow @calista_acadcom\n- RT Like their ğŸ“Œ,Promoter,,
124816474,byeagle37,56880,https://twitter.com/random/status/1436192120499576835,I'll give one person $100 in 48 hours.  Follow me,Promoter,,
1.35662E+18,DeFi_z0r0,82197,https://twitter.com/random/status/1536537469117554689,@BlackSheep_xyz starting mcap $47k \n\nand we are now $130k ğŸ”¥\n\nmy next possible play #ta #bsc #bnb #zorocalls https://t.co/blHJANaHc8,No,,
1.09711E+18,VigoLartez,234598,https://twitter.com/random/status/1535997487567278083,$50 || 4 hours \n\nâ¡ï¸ RT â€¢ @CuBeanz Rt / Like and Comment â€œ!Yo #CuBeanzâ€ last 2 Tweets,Promoter,,
1.35936E+18,jiims,258245,https://twitter.com/random/status/1536686088252956673,FAST GA $10 | 500PHP | 120MINS\n\nretweet &amp; Follow @khaipromos ğŸ””,Promoter,,
329613778,AmeerNFTs,108597,https://twitter.com/random/status/1534100300071587841,$100 ,Promoter,,
1.45559E+18,ETHEREUM06,81192,https://twitter.com/random/status/1527219915069050880,$14.000 in $ETH (Reroll) ğŸ’« to one lucky winner ğŸ€ so far 15 people@have no responded to my dms for there reward \n\n- retweet âœ…\n- follow  âœ…,Deleted,,
1443889718,Abandons75,101319,https://twitter.com/random/status/1519317063809994752,$100 in 16 Hrs\n\nâœ…RT this &amp; Follow @TRIP_NFT\nâœ…Join their Discord: https://t.co/QK88K0AT2M\n\nPost Proof\n#NFTGiveaway https://t.co/ixaTtQgzMY,Promoter,,
1.2726E+18,socialbrice_,52168,https://twitter.com/random/status/1504532030591229957,$30 Giving in 60 MINUTES ğŸ“ºâ­ï¸\n\nRT &amp; Follow @sol_theartist + RT ğŸ“Œ,Promoter,,
1.44461E+18,Maymytan,54193,https://twitter.com/random/status/1536376868827328512,20.000 IDR ğŸ¦‹\n\nâ€” RT Like &amp; Follow @between2evils_,Promoter,,
1.4828E+18,sam_nft1,41740,https://twitter.com/random/status/1536386564133203968,$75 in 5 Hour  ğŸ‘‡\n\n-  Retweet\n- Follow @DemonixNFTs\n- RT,Promoter,,
1.3778E+18,SirDecka,61804,https://twitter.com/random/status/1540851731441111040,$5 in 10 minutes RT + FOLLOW @proofinthedoof + ğŸ””,Promoter,,
45943257,MattMargetts,62930,https://twitter.com/random/status/1507406921804185601,$500 $USDT or $APE (3 WINNERS) ğŸ†ğŸ\n\nRT + Follow ME &amp; @DecNFT ğŸ””(Proof),Promoter,,
1.22358E+18,ShezzCryptoGem,116804,https://twitter.com/random/status/1470697506950447105,$10 | 1 Hour\n\n- Like + RT &amp; Follow @shezzcrypto,Promoter,,
1.50443E+18,RexxaProms,64499,https://twitter.com/random/status/1536693664180600832,$3 | 40.500 IDR 4 HOURS ğŸ•Šï¸\n\n-RT \n-RT &amp; LIKE @cryptosheikh01  ğŸ“Œ,Promoter,,
1.3403E+18,harryhaven4,50767,https://twitter.com/random/status/1535996507987529729,$100 | 1.400.000 IDR ~ 48 HOURS\n\nRT ğŸ“Œ&amp; Follow\n\n@MrQuinlanft\n@allthewinners1 \n@AscendEX_India\n\n@AscendEX_Russia,Promoter,,
1.29767E+18,Crypt0kyuubi,90344,https://twitter.com/random/status/1529992963643744256,$10 giveaway ğŸ’°\n\nRt &amp; follow @blueprintdefi \nJoin tg (post proof): https://t.co/mSzs3ZP72S,Promoter,,
380313112,MetaPromos,56298,https://twitter.com/random/status/1477763129366953986,$100 in 24 hours \n\nrt &amp; follow me + @bricepromos,Promoter,,
1.40843E+18,ImgLad2MeetU_,57808,https://twitter.com/random/status/1509907455039328259,$2 || 100 PHP ||  IDR \n\nâ€¢ RT + Follow @ImgLad2MeetU_\n\nEnds in 180 min. Goodluck!ğŸ€,Promoter,,
1.43292E+18,zaricrypto,60011,https://twitter.com/random/status/1535919947687542784,$5 || â‚±225 || 65.000 IDR \n\nâ™¡ RT + FOLLOW @YxvngJvxlx,Promoter,,
1.35355E+18,felgives,53732,https://twitter.com/random/status/1535092839327014912,$2 | â‚±100 | GIVEAWAY\n\nâ€” RT &amp; follow @TryInvestables,Promoter,,
1.43436E+18,ajummacares,56821,https://twitter.com/random/status/1505879001033699328,$1 ~ 10MINS\n\nâ€” RT + RT LIKE @cryptojayy7 ğŸ“Œ,Promoter,,
1.40755E+18,AreumPromotes,160654,https://twitter.com/random/status/1538300117673209856,$10 || 140,Promoter,,
1.45584E+18,pipodelyth,40097,https://twitter.com/random/status/1537070188679827456,$2 | 28 RB\n\nâ€” rt like &amp; follow https://t.co/TG3u3w4Jgy\n\nâ€”â€”â€”â€”â€”â€”â€”â€”\nDraw by @swinpi,Promoter,,
1113669961,ysagives,50772,https://twitter.com/random/status/1536155907335520256,GIVEAWAY $2 : 28.000 IDR\n\nâ€” RT this\nâ€” follow @chaedoescomms RT ğŸ“Œ,Promoter,,
229144847,CiervoCrypto,2465461,https://twitter.com/random/status/1536063740780609537,$25 | 4 hours ğŸ”¥\n\n- RT &amp; Follow @BullKingCrypto\n- RT &amp; Like their pin ğŸ“Œ\n\nComments and participation on it are much appreciated.,Promoter,,
1.44424E+18,DJ_GIVEAWAY2,159444,https://twitter.com/random/status/1536474611164004352,$50 in 8HRS ğŸš€\n\nWazZzzzuuuuppppppğŸš€\n\nâœ… Retweet + Follow \n@wazzzup_wtf\n\nâœ… Retweet + Like their Pinned ğŸ“Œ,Promoter,,
1.43807E+18,Azianoona,113409,https://twitter.com/random/status/1536462154102059009,$10 | 140.000 IDR   â€”  4 HRS\n\nâ€” RT + Follow @RnS_Token and RT ğŸ“Œ,Promoter,,
1591955322,ownerkrustykrab,129726,https://twitter.com/random/status/1533777230505029632,$3.5 | 50K | end to night\n\nRetweet and Follow @ranlysm,Promoter,,
2303636186,JackiePromotes,69603,https://twitter.com/random/status/1513505006732800002,$15 GIVEAWAY \n\n- RT,Promoter,,
343614720,SyeraPromotes,49593,https://twitter.com/random/status/1509893635457789957,GIVEAWAY $20 | 280.000 IDR in 2 hours\n\nâ€” follow me &amp; @endoirs â¤ï¸\nâ€” retweet,Promoter,,
1063660380,jinjimetaverse,88594,https://twitter.com/random/status/1528608223359422464,$100 | PHP 5K | 1.400.000 IDR\n\nRT and Follow @MetaNept \n\nEnds in 24hrs â›©ï¸ğŸ’—,Promoter,,
1.3561E+18,berry_gives,44595,https://twitter.com/random/status/1530731940470738944,"$15 | â‚±690 | 195.000 IDR â€¢ 4 HRS ğŸ’°\n\nâ€” RT &amp; Follow @CuBeanz\nâ€” RT Like &amp; Comment ""#CuBeanz"" on their 2 latest tweets",Promoter,,
1.39232E+18,MetaVerseRich,50398,https://twitter.com/random/status/1518898314543915008,For every retweet this gets Iâ€™ll donate $1 to the American Cancer Society @AmericanCancer ğŸ¤,No,,
9.16063E+17,UnreaINFT,80711,https://twitter.com/random/status/1511156882056089606,$75 | 1,Promoter,,
1.28616E+18,CuzzyNFT,161697,https://twitter.com/random/status/1536531473531953152,$200 - 2,Promoter, like, follow me &amp; @ToastWGMI
1092109868,0xChaneL02,179001,https://twitter.com/random/status/1497092353764384769,$200 â€¢ 48 hrs \n\nâ™¡ Rt and follow\n\n@widow_crypto\n@Bobston14656404 \n@zelicer88 \n@Crypto_Investe,Promoter,,
1.44585E+18,Sid_Sayx,47079,https://twitter.com/random/status/1494954220671619074,$10 in 30 Mins\n\nRT this and follow @LaCryptoSadie â¤ï¸,Promoter,,
1.48766E+18,LegitAirdrops_,66649,https://twitter.com/random/status/1520583994089172992,$10 | 135.000 IDR ~ 6HOURS\n\nRT like &amp; follow @Defi_Clan,Promoter,,
1.42203E+18,winflrose,123078,https://twitter.com/random/status/1536553476129366017,GIVEAWAY $15 | 210.000 IDR ËŠË-\n\nâµ retweet \nâµ like,Promoter, go luvs ğŸ•Šï¸,
2968281861,nftkora,41770,https://twitter.com/random/status/1525912920047206403,$100 $ETH â€¢ 1 winner ğŸ\n\nRT + Follow @GizzyNFT ğŸ””,Promoter,,
2711981311,zabinapromotes,52410,https://twitter.com/random/status/1536639808403275776,$3 || â‚±150 || 40k IDR in 60 mins ğŸ”°\n\nâ€” RT + rt &amp; like @heyoozabi pinned tweet,Promoter,,
605570803,neagives,98392,https://twitter.com/random/status/1514492186326274049,$20 | 280.000 IDR in 2 HOURS\n\nRT &amp; Follow me @badcge,Promoter,,
3048946786,NFTJacobz,184667,https://twitter.com/random/status/1506655875125108753,$250 $USDT or $APE (3 WINNERS) ğŸ†\n\nRT + Follow Me &amp; @NFTDyIan ğŸ””(Proof),Promoter,,
1.47371E+18,0xStraw,110789,https://twitter.com/random/status/1499225884871565312,25$ ~ 2 Hours \n\n- RT &amp; Follow @chadrekts &amp; @vvxvey,Promoter,,
1.38665E+18,Wizardara,181374,https://twitter.com/random/status/1536495098351046667,$100 âš¡ï¸ 24 hours.\n---\nğŸ”¥ Retweet &amp; Follow @bydobbyland\nğŸ”¥ Join Discord: https://t.co/7P1kiM2ZF3\n---\nğ“¦ https://t.co/ypWUmEqlpm,Promoter,,
9.14142E+17,RaavNFT,95457,https://twitter.com/random/status/1524380740489785348,$50 ğŸ† â€¢ $BNB â€¢ 1 winner â€¢ 3h â€¢â³\n\nâœ… RT â™»ï¸\nâœ… Follow @FlokiPulsev2 \nâœ… Join Discord : https://t.co/9rsuz4zBsL,Promoter,,
1.33117E+18,CutieBabeGem15,170962,https://twitter.com/random/status/1536298776209797120,$40 | 3 Hours\n\n- RT + Follow @w3binfinity \n\n- Join TG https://t.co/KkYyN16RmU\n\n(Post Proof),Promoter,,
1.30844E+18,DoyoungPromotes,203370,https://twitter.com/random/status/1536622193341534208,$30 â€¢ 420K â€¢ 5 HRS ğŸŒŸ\n\n- RT &amp; Follow @CryptoJumperNFT,Promoter,,
1332283232,DaCryptonic,650239,https://twitter.com/random/status/1536597580779507713,$75 in 8 Hrs \n\nâœ…RT This &amp; Follow @ChrisSpinsSlots \n@atomicslots,Promoter,,
1.43619E+18,mochineproms,139465,https://twitter.com/random/status/1536596214967586817,$10 | 140.000 IDR âœ¦ 60 MINS \n\nâ€¢ RT,Promoter,,
267890604,gemhostglobal,1099358,https://twitter.com/random/status/1536484787124588544,$25 Giveaway || 2 hours ğŸŒ¼\n\nâ€¢ RT &amp; Follow @Crazycakesnft + RT Their ğŸ“Œ,Promoter,,
2932346092,SelineNFT,64956,https://twitter.com/random/status/1518019315236225024,20$ #solana | ~ ends in 3 hours \n\nâ€¢ Retweet\nâ€¢ RT/Like @bezoge â€™sğŸ“Œ\n#NFT #NFTGiveaway #NFTCommumity,No,,
1.4145E+18,AxelPromotes,137971,https://twitter.com/random/status/1536361732930940928,$15 | 202K IDR ~ 3 HOURS \n\nRT &amp; RT/Like @ElusiveApeFed ğŸ“Œ,Promoter,,
178493281,coodazai,104107,https://twitter.com/random/status/1535618766138056704,$50 | 650K IDR â€¢ 24 HRS ğŸ\n\nRT &amp; Follow \n@TomorrowDAOorg\n@sangeng_,Promoter,,
1.44323E+18,cxlturesvz,69556,https://twitter.com/random/status/1531774379536826371,@lucidrubez @FaZeSway I average 100k plus and i was apart of 2 nft projects buzzin,No,,
8.47771E+17,Donjuliozz,100701,https://twitter.com/random/status/1536367087870169088,$10 | 30 mins\n\nRT &amp; Follow @Megf777,Promoter,,
1.14022E+18,chagives,44209,https://twitter.com/random/status/1532654366900924416,$7 | 100.000 - 8 hour\n\n- Retweet + Follow @evoltsindonesia \n- Retweet Like Reply qouted tweet below https://t.co/f03nPv2hlD,Promoter,,
3436041177,CompBrosCrypto,235570,https://twitter.com/random/status/1535015397115715621,$100 in 24 hours:\n\nRetweet + follow @adoptwombat,Promoter,,
1.46251E+18,pvcassol,51762,https://twitter.com/random/status/1529173117918236672,am i reading this correctly\ndid @TrippinApeNFT already make $730k in royalties? https://t.co/itRTkpW8pc,No,,
1.44536E+18,Lixxxno,49856,https://twitter.com/random/status/1532629455390314497,Quick $5 \n\n- RT &amp; Follow @cddcommunity and @solshine_nft,Promoter,,
1.49257E+18,PromoRoberts,40173,https://twitter.com/random/status/1536608176178610182,ğŸ GIVEAWAY ğŸ\n\nPrizes:\n\nğŸ† 1 sol  ~ $30\n\nTo Enter:\n1ï¸âƒ£ Follow   @PromoRoberts (ğŸ””)\n2ï¸âƒ£ Like &amp; RT \n3ï¸âƒ£ Tag 3 Friends\n\nâ°6 hours,No,,
150787214,EvJBetts,89813,https://twitter.com/random/status/1518406073694183426,$100 â€¢ 4 HOURS ğŸŒŸ\n\nRT + Follow @alejandrraujo,Promoter,,
1.50971E+18,Panda2Squared,62071,https://twitter.com/random/status/1522777537943801856,ğŸ’µ $100 #Giveaway will start soon.. \n Follow @Panda2Squared\n if you are in hereğŸ’•,No,,
1.4264E+18,wonieegives,123364,https://twitter.com/random/status/1536391297493512192,$10 | 130K IDR â€¢ 3 HOURS \n\n-RT &amp; follow (ğŸ””)\n\n@Highsets1 \n@Zokilefit,Promoter,,
891797270,misscrypt_,78780,https://twitter.com/random/status/1535155968459169792,$10 || 136k IDR in 2 HRS ã€½ï¸\n\nRT &amp; Follow @Amin_CHTR,Promoter,,
1416152640,MrsunNFT,103802,https://twitter.com/random/status/1526507250512060417,ğŸ’¸ #Giveaway ğŸ’¸\n\nğŸ Win $50 in ETH\n\nTo enter\nâœ… Retweet &amp; â¤ï¸\nâœ… Follow @JecorioNFT \n\nâ° Ends 72hrs,No,,
1.15881E+18,Gary_BKEX,130148,https://twitter.com/random/status/1533467912522330112,#GIVEAWAY \n$300 â€¢  24 hours \n\nFOLLOW \n@Investment_CN\n   \n@Whales_China\n &amp;RT&amp;LIKE,Promoter,,
252900378,ChessNFTs,42457,https://twitter.com/random/status/1446475643907022849,100 #ADA | $200 GIVEAWAY | 48 hrs\n\nâ€” RT &amp; follow me + @yeety_yeti \nâ€” Join Discord (show proof)\nhttps://t.co/g5xhJGE2RC https://t.co/O6kaXqvngT,No,,
1512207979,MrThunderCrypto,1995981,https://twitter.com/random/status/1535962590391676928,$50 â€¢ 2 HOURS\n\nâ–¶ï¸ RT &amp; follow @warrpit + RT their ğŸ“Œ,Promoter,,
3243109407,AchilleNFT,51388,https://twitter.com/random/status/1523317145144561665,$100 | 1,Promoter,,
1.42073E+18,CryptoGA76,40287,https://twitter.com/random/status/1534862968025800704,Giveway 7$ || 100k IDR\n\n-RT,Promoter,,
9.89504E+17,nikichain,92980,https://twitter.com/random/status/1518647880428535815,Would you sell Twitter to @elonmusk for $43B? #TwitterTakeover,No,,
1.51679E+18,KANEKI_PROMOTER,44020,https://twitter.com/random/status/1536340917686108160,$100 | 1.5JT - 24 HOURS â°\n\n- RT &amp; Follow @KANEKI_PROMOTER (ğŸ””),Promoter,,
1.37112E+18,Laygitgiveaways,42964,https://twitter.com/random/status/1440537580227813377,$10 | 140.000 IDR in 180 mins\n\nâ€“ RT + follow @CryptooDragon,Promoter,,
1.37797E+18,CryptoGamer4591,67320,https://twitter.com/random/status/1535278512382349312,@BunkeyButt @MrAnt728 @mrpyo1 This game isnâ€™t worth $70,No,,
1.40805E+18,GemsScope,135920,https://twitter.com/random/status/1535366657606045698,Flashâ˜• | 1 Winner | 60 mins\n\n1x NFT (~$300) ğŸ‰\n\n1ï¸âƒ£â¤&amp;RT\n2ï¸âƒ£Like @ThHighSociety pinned ğŸ“Œ,No,,
1.49567E+18,missthinez,78559,https://twitter.com/random/status/1535923626897461248,$3 || 42.000 IDR ~ 30 mins\n\n- RT &amp; follow @IInjangishi  +ğŸ””,Promoter,,
1.25147E+18,EssyBezzy,51925,https://twitter.com/random/status/1470088626541240323,$5 | â‚±230 | 60.000 IDR GIVEAWAY\n\n-rt &amp; follow \n@ProjectUniti \n ,Promoter,,
2372945623,Haeso_Gives,52607,https://twitter.com/random/status/1528569280840990720,$10 GIVEAWAY || 6HRS â°\n\nâœ… Follow @fabian_crypto \nâœ… Like &amp; RT their pinned ğŸ“Œ\nâœ… RT this + 12,Promoter,,
1.43381E+18,KrishwinPromos,75035,https://twitter.com/random/status/1517838684501864448,$5 â”Š â‚±235 â”Š 65000 IDR  âœ¦  180 min â°\n\nâ  RT. Like &amp; Rt @MrPirri  ğŸ“Œ,Promoter,,
1.3563E+18,jenniproms,119380,https://twitter.com/random/status/1534397145616371712,$3 â€¢ 30 MINS ğŸ”¥\n\nâ€¢ RT &amp; Follow @MaryInSol,Promoter,,
1.07426E+18,hellojieya,40853,https://twitter.com/random/status/1536570106926755841,$1 | 14.000 IDR in 2 HOURS ğŸ“\n\nâ€” rt + like @financemulğŸ“Œ\n\nâ€” reply done,Promoter,,
8.51103E+17,Crypto_Hawkk,424828,https://twitter.com/random/status/1535260034770280454,$100 || 1,Promoter,,
9.6822E+17,NFTOvanat,70198,https://twitter.com/random/status/1522579454974992386,@PartyHardNFT x1 NFT (~250$) Winner ğŸ†: @_DeeTom  \n\nCongrats! Contact @PartyHardNFT please\n\nâœ”ï¸ https://t.co/PHDju4qYBq,No,,
9.73048E+17,wsh4idaho,67669,https://twitter.com/random/status/1480168172758183939,$20 in 120 minutes\n\n-RT + Follow @CawaiiCatsnft + Like/RT Pin ğŸ“Œ,Promoter,,
90828940,JoshRoomsburg,297342,https://twitter.com/random/status/1522782484383113223,Winner ğŸ†\n\n@palak_agarwal09\n\nYou have just won $50\n\nThank you all for your support! ğŸ™,No,,
1.47712E+18,TheBroAMG,380447,https://twitter.com/random/status/1540013111159160832,$100 Giveaway | 24 Hours\n\nâ€¢ Retweet &amp; Follow @crypto_pulse \nâ€¢ Enter their pinned tweet,Promoter,,
1.47137E+18,Gina52939786,54193,https://twitter.com/random/status/1515295696185806848,ğŸ‰$8,No,000)\nTo enter :\nâœ… Follow  @Gina52939786\nâœ… Like &amp; RT\nâœ…Drop your $ETH addressğŸ‘‡ https://t.co/uBRvkUIsMa,
1.38511E+18,cikakohl,98481,https://twitter.com/random/status/1535919842406019073,giveaway $15 | Rp210.000,Promoter,,
9.5746E+17,MesiPromotes_,131748,https://twitter.com/random/status/1535565674227339264,$25 GIVEAWAY in 6 hours ğŸ¥‚\n\nâ€¢ RT,Promoter,,
458866138,NasBitcoin,204814,https://twitter.com/random/status/1531478697483481088,$50 | 730.000 IDR  â€“ 4 Days ğŸ\n\nRT + Follow :  @DacxiCoin,Promoter,,
9.8486E+17,MazeWandaX,263669,https://twitter.com/random/status/1523970375025004545,I'll give $100 to one person in 24 hours\n\n- RT &amp; Follow @relationlabs \n- Join Discord: https://t.co/muyoS8H2JV https://t.co/1tGPsduP6l,No,,
1479220561,dogegod123,49523,https://twitter.com/random/status/1533320875461644288,$50 in 10 hoursğŸ”¥ \n\n- RT + follow @fairlady18_jd &amp; me,Promoter,,
1.38817E+18,iakimihyb,84161,https://twitter.com/random/status/1533165007147507715,âš¡ï¸$20 GIVEAWAYâš¡ï¸\n\nRT + Follow @degenbrody \n\n5 MINS â°,Promoter,,
1.44683E+18,Xairouto,40041,https://twitter.com/random/status/1536339086205587456,$1 | 14.000 IDR â€¢ 1 HOURâ„ï¸\n\nâ€” RT &amp; follow @bbkpopstan ğŸ””,Promoter,,
1.39448E+18,Giveaway__Whale,123847,https://twitter.com/random/status/1457979455704485892,$10 GIVEAWAY ~ 6 HOURS â³\n\n- RT &amp; Follow @Giveaway__Whale,Promoter,,
9.2811E+17,FortanCrypto,416057,https://twitter.com/random/status/1521886380988719104,I'll give $100 in 24Hrs!\n\nâ–RT &amp; Follow @famemmatv \n+\nâ–Join TG https://t.co/Lh4l13gnCE https://t.co/GyFiz4y5qQ,No,,
1.18616E+18,luchovcs,69707,https://twitter.com/random/status/1529547364318552072,$50 Winner ğŸ’°\n\nRT + Follow ME &amp; @iigionft ğŸ””,Promoter,,
1.41039E+18,ceyla_giveaways,203768,https://twitter.com/random/status/1536473897624805376,$10 to 1 winner in 1 hour\n\nâœ”RT + RT &amp; Like @ETHZodiac 's ğŸ“Œ,Promoter,,
189394889,NFTHolding,60242,https://twitter.com/random/status/1522579405964521472,$50 ~ 6H\n\nâœ…RT Like &amp; Follow @MrSheepClub,Promoter,,
1.41706E+18,calixtagives,49064,https://twitter.com/random/status/1512791803132452866,$10 | â‚±490 | 135.000 IDR \n\nâ€” rt &amp; like @amangkings &amp; @forestan12 ğŸ“Œ\nâ€” rt + d1,Promoter,,
1.40659E+18,Lunargives,100532,https://twitter.com/random/status/1535184132669849600,$50 - 10 HOURSâŒ› \n\n- RT + Follow @CubeDaily_ &amp; RT LikeğŸ“Œ,Promoter,,
318346543,ranpromoter,730431,https://twitter.com/random/status/1531587353138974721,$25 | 60 mins\n\nRT,Promoter,,
76926772,CryptoPad100x,368703,https://twitter.com/random/status/1535604046400065536,$50 â¤ï¸ RT in 6hours\n\nFollow @1winPro + RT/Like their ğŸ“Œ,Promoter,,
9.85145E+17,bekircagricelik,46322,https://twitter.com/random/status/1535017962461188120,someone random wins $100 $USDC in 24hrs!!\n\nfollow @wagmisnft,No,,
1.24343E+18,RealMoneyApe,758497,https://twitter.com/random/status/1533560451384098819,$250 | 72 Hours ğŸ”¥\n\nâ€¢ RT,Promoter,,
1.46054E+18,ravipromotes,82783,https://twitter.com/random/status/1536550855675367424,$5 // â‚±250 // 67.500 IDR ğŸŒ \n\n~ retweet\n~ rt &amp; like @MF69NFT ğŸ“Œ,Promoter,,
1.42038E+18,MoonshotMissy,49938,https://twitter.com/random/status/1532685371212976129,$10 USDT | 530PHP giveaway\n\n-RT\n-follow @MoonshotMissy ğŸ””\n\nEnding soon \n\n#giveaway #airdrop #crypto #moonshotmissy,Promoter,,
1.46807E+18,moonpromos,293751,https://twitter.com/random/status/1536604749692186624,$100 | 1.400.000 IDR | 24 Hours\n\n- RT &amp; Follow @Melody_SGS,Promoter,,
1.47133E+18,miy68800648,50223,https://twitter.com/random/status/1503630036422733826,$7 ,No,,
1.4371E+18,RinasPromotes,67653,https://twitter.com/random/status/1535938408539123712,$3 | â‚±150 | IDR | GIVEAWAY ğŸ’°\n\nâ€¢ RT + follow \n\n@gemhostglobal (ğŸ””) on \n\nâ€¢ reply,Promoter,,
1.42246E+18,KingdomNFT,51136,https://twitter.com/random/status/1508540398838304769,What's your biggest W from march? ğŸ‘€\nWe'll start...\n$1 &gt;&gt;&gt; ~22Î (~$75,No,,
1.49111E+18,ashwsbgiveaway,105594,https://twitter.com/random/status/1541743057896460289,$70 || 980.000 IDR â€¢ 24HRS\n\nRT Like + Follow @MysticsNFT,Promoter,,
7.12424E+17,Jarods5050,77740,https://twitter.com/random/status/1535618607350263810,$15 in 60 mins\n\nRt this + Tag a friend on  @Bagholderzwtf ğŸ“Œ,Promoter,,
1.42066E+18,ctphmoon,59408,https://twitter.com/random/status/1536883009932394496,5$ || 250 PESOS || 69K IDR\n#ctphmoon_ga\n\nrt + follow @emojismileplz + like and rt quoted tweet\n\n[ https://t.co/r0nGYfXyMB ],Promoter,,
1.35385E+18,taegiveaway,215031,https://twitter.com/random/status/1536479018551513089,$30 | 420.000 IDR â€¢ 3 HOURS ğŸ«“\n\n- RT &amp; Follow @DodotoNFT,Promoter,,
1.47932E+18,jejje113,118930,https://twitter.com/random/status/1536578358313594880,$10 | 140K | 60 MINS ğŸŒ»\n\n- Retweet this\n- Tag 3 friends on @MrT_Promotes ğŸ“Œ,Promoter,,
1.41425E+18,PlasmaCrypto,143069,https://twitter.com/random/status/1464618392397258762,$200 NFT  â€¢ RT â€¢ 48 Hours ğŸ¶\n\nâœ… Follow @mightymuttsnft \nâœ… Join the Discord https://t.co/j1NjgAc6yG https://t.co/5YtYsFp61b,Promoter,,
281441379,AngeL_QueeN815,199519,https://twitter.com/random/status/1534697815926255616,$50 in 3 Hours â°\n\nâœ… RT &amp; Follow \n@Fathomyachtclub\n \nâœ… Like,Promoter,,
961524848,Elliott_PS,45419,https://twitter.com/random/status/1526545188331655173,10,No,000 in $ETH \n\nMust be following @Elliott_PS to win! LFG!!! ğŸ¤‘,
631010055,kaliversion,63833,https://twitter.com/random/status/1535983075624046592,$5 | 70K IDR ~ 3 HOURS\n\n- RT + LIKE only @KataCrypto ğŸ“Œ,Promoter,,
3347158491,1kinglol,115514,https://twitter.com/random/status/1538216341835874305,$100 Winner ğŸ’°\n\nRT + Follow ME &amp; @goncsgo_  ğŸ””,Promoter,,
218062002,CryptoBooster_7,283496,https://twitter.com/random/status/1532552574225616896,$150 | 2,Promoter,000 IDR  24 HRS \n\n_ RT &amp; Follow @PrimeXBT &amp; rt this quote tweet below ğŸ‘‡ğŸ» https://t.co/ceOLjyrOob,
1.36707E+18,susruby,178066,https://twitter.com/random/status/1520008539036860416,$75 | 1.050.000 IDR ~ 12 HOURS ğŸ \n\n- RT\n- RT,Promoter,,
1.43135E+18,Shill_Ronin,159951,https://twitter.com/random/status/1536602581392584704,$50 | 700K â€¢ 180 Mins  â€¢ rt\n\nâ¡ï¸ Follow @AlecoETH + rt like ğŸ“Œ,Promoter,,
8.17797E+17,SafeMoonRich,261960,https://twitter.com/random/status/1533866554881974273,$20 in 60 minutes\n\nRT,Promoter,,
17340970,lexie_giveaways,70768,https://twitter.com/random/status/1515561695313281025,âœ¨ $20 | 260k IDR | â‚±920 GIVEAWAY âœ¨\n\n â€¢  Follow me &amp; @BTC_Revolution\n â€¢  RT + Like his ğŸ“Œ\n\nEnds in 6 hours ğŸŒ™,Promoter,,
598650876,NoraEstia,795365,https://twitter.com/random/status/1536359173268590592,$150 /in 24 hoursğŸ’œ\n\nâ­ï¸RT &amp; Follow @GGProClick \n\nâ­ï¸join and and a question in  telegram about the token: https://t.co/WKpzRKtjIv\n\nPost Proof,Promoter,,
1.36998E+18,MiraPromos,43038,https://twitter.com/random/status/1531619168285790208,$20 | 272.000 idr GIVEAWAY | 4 Hrs â³\n\nğŸƒ RT | Follow me &amp; @ChrisSpinsSlots,Promoter,,
1.23253E+18,CRYPTOPROM0S,231275,https://twitter.com/random/status/1503879531614343170,$20 in 90 minutesğŸ’¸\n\nFollow @ANONSHIB &amp; RT ğŸ“Œ,Promoter,,
9.76112E+17,0xD0N0,292616,https://twitter.com/random/status/1536396252190867456,$200 giveaway 24hrs \n\nJust RT &amp; RT + like @HiRezTheRapper pinned tweet.,Promoter,,
1.52164E+18,corynfts,63086,https://twitter.com/random/status/1531077176174555139,$10 - 60 seconds\n\nRT,Promoter, Tag a Friend on @182CSGO ğŸ“Œ,
1.52829E+18,CryPoq,71000,https://twitter.com/random/status/1537058466442911746,$10 || â€¢ || 60 mins \n\n-RT &amp; Follow @AkinciGiveaway,Promoter,,
1.46559E+18,OfficialAnggain,50628,https://twitter.com/random/status/1509501295383568384,$10 | 140.000 IDR ğŸ\n\nRt ,Promoter, Like + Comment their ğŸ“Œ tweet\n\nEND 60 MENIT â³\nGood luck!,
4574226553,GlazeCrypto,281957,https://twitter.com/random/status/1536452059486031872,$125 |  1,Promoter,,
2549855215,Genius_Crypto_,104051,https://twitter.com/random/status/1497459906605051906,$100 Giveaway in 24 Hour's \n\nRetweet &amp; Follow me &amp; @AkashCryptos \n\non our both notification ğŸ””,No,,
290110073,JewelCrypt0,315528,https://twitter.com/random/status/1512794998013526020,$50 Â¦Â¦ 700k idr ğŸ’ 180mins\n\nâ¡ï¸ RT+ follow @Jarods5050,Promoter,,
248055550,cryprules,145451,https://twitter.com/random/status/1536281778587320320,$5 | 70.000 IDR ~ 30 MINS\n\n~ retweet \n~ rt &amp; like @floppawoppa3 ğŸ“Œ,Promoter,,
1.3045E+18,bitcoindinos,168554,https://twitter.com/random/status/1535216283230380032,$20 ğŸ¦– 2 hours.\n\nğŸ”¸ RT +  Follow @CryptoJimmybraz \n\nğŸŒ´ ğŸ¦–ğŸŒ´,Promoter,,
1.41028E+18,RishyPromotes,44309,https://twitter.com/random/status/1509528411579977729,$15 || 200.000IDR â€¢ 12 hrs.\n\nâ€” RT + follow @TheWallPacific\nâ€” like &amp; RT his ğŸ“Œ,Promoter,,
7.776E+17,MitcheIl,54268,https://twitter.com/random/status/1536919117587918848,@KickerFN i think fort will be dead by then so idrk how to do one,No,,
3284772163,yiwrgo,54276,https://twitter.com/random/status/1522412116984086528,$7 SOL / 60 mins ğŸ’°\n\nRT + Flw @yiwrgo ğŸ‘ˆğŸ‘ˆ,Promoter,,
1.50968E+18,CantBeatNFT,72957,https://twitter.com/random/status/1530193329266298880,$50 | 700K ~ ends in 6 hours \n\nâ€¢ RT &amp; Follow @_RocketNFT,Promoter,,
1.28874E+18,ninjbal,48199,https://twitter.com/random/status/1489635045359104001,$10 ~ 4 hrs. \n\nâ€” rt &amp; follow @MetaLordsDao + rt ğŸ“Œ,Promoter,,
315032508,TheHeira,358984,https://twitter.com/random/status/1536584213201358848,$40 ~ Ends in 4 hrs. \n\nğŸ”¸ RT - Follow : \n@angryalien21 \n + RT and Like Their Pin ğŸ“Œ,Promoter,,
1.14657E+18,carlapromos,433215,https://twitter.com/random/status/1540443577427304450,$50 in 120 minutes ğŸ«‘ğŸ«’\n\n-RT + Follow Me \n\n- Rt Like @AliensTrippin ğŸ“Œ and tag friends,Promoter,,
1.49491E+18,NFTHolder18,58296,https://twitter.com/random/status/1538588956668747776,@Azuki_Art åˆæ‹¿åˆ°3ä¸ª å…è´¹mint çš„åé¢ å¤§å®¶æŠ½èµ·æ¥ï¼ï¼ï¼ èœ‚äººé™¢DC ï¼šhttps://t.co/FwThVeDi6N  é‡Œé¢giveaway æŠ½~,No,,
1.48541E+18,SpankyNFT,62475,https://twitter.com/random/status/1534649014699819008,$50 â€¢ 24h âœ¨ \n\nRT + Follow @SpankyNFT w/ğŸ””,Promoter,,
1.24009E+18,itsprettyjamie,165730,https://twitter.com/random/status/1536245006415306752,$100 or 1,Promoter,,
634526603,Cashbro100x,422484,https://twitter.com/random/status/1535128560024727552,$100 â¤ï¸ RT in 12 hours \n\nâ€¢ follow @Dogeclawfi \nâ€¢ join TG https://t.co/tv5HARAskp + proof,Promoter,,
2887384325,nftkam,132604,https://twitter.com/random/status/1540186675653001217,$100 | 1.400.000 IDR 120 MINS â›±\n\n~ Follow @nftkam \n~ Retweet this,Promoter,,
1.0034E+18,CRYPTOFIED1,208949,https://twitter.com/random/status/1536305371207413760,$150 in 24 Hours\n\n$100 ~ RT + Follow @Rise_Of_Empire\n\n$50 ~ Join Telegram:\nhttps://t.co/q1I6qBcqeU\n\n#PostProof,Promoter,,
1.16566E+18,ladycryptogem,373543,https://twitter.com/random/status/1536420345263304704,$200 | 24 Hours\n\n- RT &amp; Follow @MPSNFT https://t.co/lpkHTl5dCH,Promoter,,
1354389133,FatherPromos,100968,https://twitter.com/random/status/1389340320605814793,$100 | one winner | ends in 24 hours\n\nRT,Promoter,,
9.25562E+17,shiexvii,156474,https://twitter.com/random/status/1536314983931207680,$50 || 700.000 IDR in 12 HOURS ğŸª·\n\n- RT,Promoter,,
1.49399E+18,SolCopsNFT,60175,https://twitter.com/random/status/1530579107834101760,ğŸ¥¶ SOL GIVEAWAY ğŸ¥¶\n\nğŸ†$50 (1 $SOL)\n\nâœ… Follow @SolWitcher &amp; @SOLutionzNFT \nâœ… RT + LIKE + Tag 3 Friends\n\n24Hâ°#Solana #NFTCommunity,No,,
1.47812E+18,meny_eth,86417,https://twitter.com/random/status/1526167102712946689,$200 reward ~ Ends in 48hours â°\n\n1.  Join Discord  https://t.co/z5QIUO1Vx9\n2. Retweet &amp; Follow Me @AnifieNFT \n3. Drop Wallet Address,No,,
1.26567E+18,angel_funsized,160952,https://twitter.com/random/status/1536461274426621959,$15 | 30 mins  \n\nRT this + LIKE @moneymotive888 recent tweets,Promoter,,
957257923,TheDiamondNFT,48539,https://twitter.com/random/status/1531793412470542336,@lazythings 3x WL Winners ğŸ†\nâ€¢ @gnathok\nâ€¢ @Shillervikki40\nâ€¢ @mortihidra\n\nâœ”ï¸ Twitter Picker ID: mavy5456\n\nDM @lazythings to claim your prize ğŸ’,No,,
1.27908E+18,CryptoCallista,105983,https://twitter.com/random/status/1536451179546152960,$10 | â‚±490 | 135.000 IDR â€¢ 3 HRS ğŸ’«\n\n- RT + RT &amp; Like @CleosCats ğŸ“Œ,Promoter,,
1.42299E+18,babycryptonite,58241,https://twitter.com/random/status/1537953762475532288,$150 in 12 hours\n\n- RT &amp; Follow\n@angel_funsized \n@Jarods5050 \n@Donjuliozz,Promoter,,
85588541,AnbroNFT,106133,https://twitter.com/random/status/1528785945977233408,ğŸ’¸$50 in 24 hours \n\n- RT &amp; Follow \n@Chympfighterz \n \n- RT &amp; Like ğŸ‘‰ their pinned ğŸ“Œ post,Promoter,,
1.38966E+18,SarahPromotions,258263,https://twitter.com/random/status/1536218003985076224,$50 ~ 6 Hours ğŸ’\n\n- RT &amp; Follow @aiguild_dao,Promoter,,
1.46051E+18,Pink_Giveaways,43527,https://twitter.com/random/status/1538135301838712833,$20    |    280.000    |    Dana/Gcash\n\nRT LIKE âˆš\nFollow Me &amp; @HwanniePromotes âˆš\n\nEnds 8 hours âˆš,Promoter,,
49712658,MissyCryptonia,358738,https://twitter.com/random/status/1533745885095534592,$150 | 24 hours #Giveaway ğŸ’°\n\nâš›ï¸RT This and Follow @TiFiToken + RT-Like ğŸ“Œ \nâš›ï¸Join TG : https://t.co/GEkRCx9CoK\n\nPost Proof ğŸ’•,Promoter,,
94030157,FireHost77,173155,https://twitter.com/random/status/1535947609612816384,ğŸ’°$30 | 180 minutes\n\nRT,Promoter, Follow @linasuzana12,
109498457,bricepromos,239248,https://twitter.com/random/status/1536476294933843969,$75 in 12 hours ğŸ˜µâ€ğŸ’«ğŸ§¢\n\n-RT + Follow @Wazzzup_wtf + RT ğŸ“Œ\n\nWazzzzzzuuppppppp ğŸš€ğŸš€,Promoter,,
1.24858E+18,Nfteasyflow,45005,https://twitter.com/random/status/1526831590374002690,~ $400 â€¢ 6hrs â°\n\n~ Rt â€¢ Like and Enter @nft_boyka pinned tweet,Promoter,,
1954313480,bravepromote,667075,https://twitter.com/random/status/1535774329258262528,$30 in 180 minutes\n\nâœ… RT &amp; Follow @ApeInPoker \nâ–¶ï¸RT &amp; Like their pin ğŸ“Œ,Promoter,,
1.45397E+18,hermionegives,54113,https://twitter.com/random/status/1536425516537827328,$2 | 27.000 IDR in 60 MINS â˜•\n\n- RT + RT &amp; Like recent retweet  @AshtonNFTs,Promoter,,
3609902896,altnftworld,59990,https://twitter.com/random/status/1515962537468391425,$200 | 1.250.000 IDRğŸ’°â€¢ 24H\n\nâ€¢ rt,Promoter,,
1.49978E+18,SolChiefNFT,59155,https://twitter.com/random/status/1536295082063691778,ğŸ SOL GIVEAWAY ğŸ\n\nğŸ’° $100 (4 $SOL)\n\nâœ… Follow @SolChiefNFT ğŸ””\nâœ… Retweet &amp; like\nâœ… Tag 3 friends\n\n24H #Solana #Crypto #NFTGiveaway,No,,
1.14755E+18,gnrcrypto,44113,https://twitter.com/random/status/1520049554447794176,$20 in 24 HRS\n\nRT this + Follow @Bopoverse (ğŸ””)\nLike,Promoter,,
1.36096E+18,CryptoZipo,65504,https://twitter.com/random/status/1541730133400293377,$10â–ªï¸ 3 hours (Repost)\n\n- RT This + Join @Nft_Kalkidan's  ğŸ“Œ,Promoter,,
4438965619,Latenci__,63503,https://twitter.com/random/status/1497719199438934016,ğŸ SOL GIVEAWAY! ğŸ\n\nPrizes:\nğŸ† 0.25 $SOL ($22)\n\nMust:\n1ï¸âƒ£Follow @Latenci_ + @iakimihyb ğŸ””\n2ï¸âƒ£RT + LIKE\n3ï¸âƒ£Tag 3 friends\n\nâ° 12 hours,No,,
1.42508E+18,JayTheGaHost,147836,https://twitter.com/random/status/1536293317134393345,$10 | 140K IDR ~ 60 MINS \n\n- RT + RT Like @MinJunNFT12 ğŸ“Œ,Promoter,,
158236259,crypto_bandit_,618053,https://twitter.com/random/status/1532244138946703361,$150 || 1 Winner || 12hrs\n\nRt &amp; follow @shitgemdigger &amp; @katspeepshow\n\n+ join https://t.co/dLENSC8VnH\n(Post proof),Promoter,,
2741998566,Crypt0Mastr_,79651,https://twitter.com/random/status/1535930376312324096,$15 | 210K | 120mins\n\nRT ,Promoter,,
4583331132,PsyJayCrypto,341368,https://twitter.com/random/status/1535277923891961856,$100 Giving in 24 HOURS\n\n($50)\nRT &amp; Follow @MarioNawfal (ğŸ””)\n\n($50)\nSet Reminder https://t.co/rcm0NGNUVs Post Proof,Promoter,,
1.39017E+18,DaSheriffCrypto,51522,https://twitter.com/random/status/1530097939821260800,@SolanartNFT Lol how about you wake up and see $SOL at $10... WYD? \n\nIt's programmed,No,,
859565424,cryptodean_,90602,https://twitter.com/random/status/1511545914053345281,$100 | 2,Promoter,,
1.53438E+18,chitaglorya3rd,41826,https://twitter.com/random/status/1536697850632974337,giveaway 75$ | 1,Promoter,000 IDR\n\n-- rt &amp; follow @DangDogsNFT \n\nends in 5 hours goodluck dearsğŸ’,
1594865708,jimmyNFTs_,61886,https://twitter.com/random/status/1514333310398443520,$200 $SOL,Promoter,,
1.42621E+18,hidup_cuma,51441,https://twitter.com/random/status/1536677365635743744,42.000 | IDR | $3 | 120 Mins\n\n- RT\n- RT + Like @gem_cmc last post\n\nGoodluckğŸŒ¹,Promoter,,
363862772,Xenos_Giveaway,233307,https://twitter.com/random/status/1535189685516914688,$120 GIVEAWAY | 24 hours â€¼ï¸\n\n- RT + follow @kaizoku_nft\n- like,Promoter,,
1.36377E+18,HwanniePromotes,276292,https://twitter.com/random/status/1536322035185754112,$100 || 1,Promoter,,
1.45579E+18,metararity,207954,https://twitter.com/random/status/1527136361014255616,@theartisan_nft The Artisan $100 Winners ğŸ†\n@g67gun @PJheng13\n@bigwinHlaprue1 @MandlaRafikhan\n\nNFT Winner ğŸ†: @sutariyahiren1,No,,
8.9462E+17,dexnfts,64243,https://twitter.com/random/status/1505410004530216960,$100 | 1,Promoter,,
9.32179E+17,Murfski_,62783,https://twitter.com/random/status/1537216611894951936,@bigbrotherXBT Possibly mate\n\nMy local invalidation is $17,No,,
235522474,Marksmith1M,140227,https://twitter.com/random/status/1521772890391138304,$10 | 145.000 IDR  â€“ 2 HOURS ğŸ”±\n\n- RT &amp; Follow :  @S_crypto1,Promoter,,
1.48385E+18,NFTBlase,40572,https://twitter.com/random/status/1521078993075777538,Drop your $ETH wallets and I'll send $300\n\nJust RT &amp; Follow @MonstersVerse â¤ï¸,No,,
1.43501E+18,nonfacs,68373,https://twitter.com/random/status/1531271308452974595,ğŸ’°$50 GiveawayğŸ’° \n\n1ï¸âƒ£follow @RageOnWheels\n2ï¸âƒ£tag 2 friends \n3ï¸âƒ£RT+Like\n\n#Solgiveaway #SOL #Ethgiveaway https://t.co/m9JjrFxzrp,No,,
2942872475,4dynastyrich,143833,https://twitter.com/random/status/1535979337924628481,$10 | 140.000 IDR | 2 HOURS\n\nRT &amp; Follow @_Peprul_,Promoter,,
9.93546E+17,ChepoNFT,94646,https://twitter.com/random/status/1519524083699879938,$100 $ETH | 12 hours ğŸ’\n\nRT + Follow @rar3app ğŸ‘€,Promoter,,
1.18573E+18,iyagirL2016,141057,https://twitter.com/random/status/1536876917399617536,$15 or 210rb Giveaway || 120 mins â­ï¸\n\nRT + Follow @sofiawinners16,Promoter,,
1622635273,StreamsByQ,104014,https://twitter.com/random/status/1513401952566136834,$10 in 30 minutes.\nRT + follow @thelifeofkarri,Promoter,,
1.46566E+18,LaCryptoMonkey,151313,https://twitter.com/random/status/1513924723918270464,Sending someone $300 in 24hrs !!\n\n($200)\nâ€¢ RT + Follow @Altcoin_ink \n\n($100)\nâ€¢ Join Telegram ğŸ‘‡ (proof)\nhttps://t.co/md58MYZ3Io,No,,
1.26024E+18,GHOOFYNFT,104713,https://twitter.com/random/status/1512198053251452932,$500 2 Winner ğŸ’°\n\nRT + Follow @GHOOFYNFT ğŸ””,Promoter,,
1.37788E+18,Jopromote,120733,https://twitter.com/random/status/1536613290670821376,$20 | 280.000 IDRğŸ’°â€¢ 12 HRS\n\nâ€¢ rt,Promoter,,
1.37908E+18,Cryptocapitalq,61244,https://twitter.com/random/status/1517948347608616961,giveaway 40$ | 574,Promoter, RT &amp; follow @smallcappick (Proof) \n\nends in 4 hours good luck ğŸ§œâ€â™€ï¸,
1.46622E+18,meriusgemz,55330,https://twitter.com/random/status/1528114497331769344,$5 | 70k IDR in 8 hours ğŸŒ \n-RT\n- follow @WhaleEverything ğŸ””\n- RT their pinned ğŸ“Œ,Promoter,,
2353363314,RemiPromotes,146486,https://twitter.com/random/status/1536562957567795200,GIVEAWAY $10 || â‚±480 || 2 HOURS\n\nâ€¢ rt &amp; rt like @vaultbtw ğŸ“Œ,Promoter,,
1.41087E+18,Nft_Kalkidan,42341,https://twitter.com/random/status/1536325354352263168,â€¢ $120 â€¢ 900mins â°\n\nâ€¢ RT &amp; Follow me &amp; @metazukii +ğŸ””,Promoter,,
1.30467E+18,NinangAnne,55989,https://twitter.com/random/status/1531277380475826176,$5 | â‚±250 | 3hrs \n\nâ€” Rt ,Promoter,,
1.21043E+18,masmasjawabgt,92139,https://twitter.com/random/status/1540213239887171585,Giveaway Rp 150rb / $10.5\n\nRT + like \n\nFollow  @A100888\n\nEnd 3 hours.,Promoter,,
1.34535E+18,liza_promotes,50828,https://twitter.com/random/status/1536326624433811456,$5 || 67K IDR â€¢ 6 HOURS ğŸŒ¿\n\nâ€” RT &amp; Follow @warrior_viking \nâ€” RT ğŸ“Œ,Promoter,,
1.24099E+18,A100888,321610,https://twitter.com/random/status/1536535519479312386,$100 â€¢ 24 Hours - Rt\n\n$70 \nRT Follow @RichQuack \n\n+$30 if \nRt Like + tag 3 friends with #RichQUACK on theirğŸ“Œ (Proof),Promoter,,
7.95985E+17,DannyCryptoGA,208883,https://twitter.com/random/status/1514327785510080514,$100 Giving in 24 HOURS\n\nRT &amp; Follow me + @ShibaPredator1 &amp; Like their recent tweets ğŸ’™,Promoter,,
1.4895E+18,METANick_,42483,https://twitter.com/random/status/1536516109549334528,$10 | 120 MINUTES!! \n\nâ¤ï¸/â™»ï¸/ğŸ”” - GO!\n\n- FOLLOW @Zoasis_xyz \n\n + rt,Promoter,,
2924075010,ceirous,358424,https://twitter.com/random/status/1534587337405083650,$40 | Ends in 4 Hrs \n\nâ‡ï¸RT This and Follow me \nâ‡ï¸Follow @sausagetownwtf + RT Their ğŸ“Œ,Promoter,,
1.46886E+18,voidedsol,91916,https://twitter.com/random/status/1535939977523126274,ğŸ‰GIVEAWAYğŸ‰\n\nPrizes :\nğŸ†1 $SOL (~$50)\n\nTo Enter:\n1ï¸âƒ£Follow @voidedsol\n2ï¸âƒ£RT + Like\n3ï¸âƒ£Tag 3 Friends\n \n24H\n#Solana #NFTs #SolanaGiveaway,No,,
1.20527E+18,vallerynaa,143580,https://twitter.com/random/status/1536320381422043136,$15 | 210K â€¢ 3 HOURS ğŸŒ¶\n\nRT &amp; follow @warrior_viking + RT ğŸ“Œ,Promoter,,
1.45464E+18,kirstenproms,40175,https://twitter.com/random/status/1538188552613138433,$.50 | 7K IDR ~ 30 MINS! ğŸ—\n\nâ€” RT,Promoter,,
1.15627E+18,ladyincrypto,383262,https://twitter.com/random/status/1536363600230907904,$200 GIVEAWAY ~ 48 HOURS â³ï¸ \n\n- RT &amp; Follow @numbersprotocol + RT/Like ğŸ“Œ,Promoter,,
1.38703E+18,CryptoBarnuts,108046,https://twitter.com/random/status/1533919576047910912,$20 || 1 WINNER || 4 hours\n\n- RT + Follow @EliteFourArt \n- RT their pinned tweet ğŸ“Œ,Promoter,,
1651198634,vousmeynvoyez,59695,https://twitter.com/random/status/1536673416132304896,$10 || 140,Promoter,,
1554314659,NFTOdette,132422,https://twitter.com/random/status/1533182643277336581,$10 $SOL Winner ğŸ†\n\n-Follow @ApeDoods\n\nâ™¦ï¸\n\n- Like &amp; RT &amp; Tag Friends in the quoted post below ğŸ‘‡ https://t.co/HNjk2SKmEc,No,,
1.38236E+18,berriviv,40736,https://twitter.com/random/status/1511360154108760068,$5 | 65K IDR | â‚±230 â€¢ 4 HRS \n\n- RT &amp; Follow @TrueGemHunter + comment something positive on their ğŸ“Œ,Promoter,,
106369535,ChiniCrypto,380643,https://twitter.com/random/status/1537343654540484608,$50 - Ends in 4 Hours\n\nâ–¶ï¸  RT &amp; Follow @NboxOfficial\n\nâ–¶ï¸ Join Tg: https://t.co/ZUKwAuaxmj\n\nPost Proof,Promoter,,
1.26697E+18,lizpromotion,93169,https://twitter.com/random/status/1509440404911190019,$10 | 135k IDR | 460 Php ğŸ’«ğŸ€\n \n-RT &amp; follow @MoonSkyCrypto \n-Like ğŸ“Œ,Promoter,,
8.21019E+17,ritzgives,168590,https://twitter.com/random/status/1536709184276017154,$10 â€¢ 140.000 IDR ğŸŒ¸\n\nRT &amp; RT @CRYPT0DIAMOND ğŸ“Œ,Promoter,,
1.41461E+18,Lovelyhost,166967,https://twitter.com/random/status/1531945188306075649,$80 giveaway || 16 hours\n\n$40\nâ¡ï¸ RT &amp; Follow @Oases_NFT\n\n$40 if you:\nâ¡ï¸Join discord: ( reply proof) \nhttps://t.co/PrEMGSnxBB.,Promoter,,
1.39212E+18,metaversejoji,141406,https://twitter.com/random/status/1538183617440059392,"Who would've thought that in ""2022 SUMMER BULL RUN"" we'd be shorting $ETH @ $1000 &amp; $SOL @ $30. what the f*ck",No,,
495239569,skwgmi,57569,https://twitter.com/random/status/1531679408561479681,Follow @EktaChain to have a chance to win a $1,No,,
2244301748,Venus_Calls,282105,https://twitter.com/random/status/1536281438554710019,$20 â€¢ 2 HRS â€¢ 1 WINNER \n\n- RT + RT &amp; Like @MrPirri 's ğŸ“Œ,Promoter,,
1.47094E+18,airkeson1998,67903,https://twitter.com/random/status/1516267980815933440,ğŸ‰$7,No,000)\nTo enter :\nâœ… Follow  @airkeson1998 \nâœ… Like &amp; RT\nâœ…Drop your $ETH addressğŸ‘‡ https://t.co/upUwcuFwTt,
1.36235E+18,agapegives,46024,https://twitter.com/random/status/1527598464242450433,$2  |  â‚±100  |  27.000 IDR  ~  60 MINS\n\n- retweet \n- like &amp; rt @Warrior7_1 ğŸ“Œ,Promoter,,
1.36573E+18,Cryptoishaz,113234,https://twitter.com/random/status/1535628327020552193,$50 in 24 hours\n\nâˆš RT + Follow @Crypto_QueenBit\n\nâˆš RT/Like &amp; Comment on their ğŸ“Œ,Promoter,,
1.17673E+18,Evil_Promoter,86417,https://twitter.com/random/status/1534882111098060801,$150 in 18 hours (Reroll)\n\nRt + Follow @WealthyTeds \n\n#Sponsored #Ad #DYOR,Promoter,,
1.47889E+18,iigionft,140890,https://twitter.com/random/status/1532638337768488962,$100 in 60 minutes \n\n-follow @bragodr6s ğŸ”” and retweet,Promoter,,
1.08058E+18,MoonwithADAM,341718,https://twitter.com/random/status/1521880288527331329,@Shootertxs @StepApp_ Their volume is over $200M daily,No,,
1.20176E+18,KylieProms,81239,https://twitter.com/random/status/1536683283379294208,$25 | 350.000 IDR ğŸ¦„\n\nâ€“ RT + Follow @DacxiCoin,Promoter,,
910170146,furrincrypto,333208,https://twitter.com/random/status/1536397265333534724,$100 | 1.4 JT ~ 24 HOURS ğŸ¥«ğŸ£\n\n($60)\n-RT &amp; Follow @ApiInu + RT ğŸ“Œ\n\n(+$40)\n-Positive Comment on their ğŸ“Œ,Promoter,,
1.36124E+18,resaalfny,139693,https://twitter.com/random/status/1536553581373190144,$10 | 140K ~ 60MINS\n\nâ€” RT &amp; RT Like @Viixotf ğŸ“Œ,Promoter,,
1.39684E+18,necuritynft,103569,https://twitter.com/random/status/1528410884225527808,$100 â€¢ 3 winners\n\n- RT + Like\n- RT,Promoter,,
1.44941E+18,chitagIorya____,309789,https://twitter.com/random/status/1533369293525557248,giveaway 200$ | 2,Promoter,000 IDR\n\n--rt follow (ğŸ””) @gemhostofficial \n\nends in 24 hours good luck ğŸ’,
1.50174E+18,MetaAlpha_,56003,https://twitter.com/random/status/1532593830574313474,@rektguy420 rektguy420 $50 Winner ğŸ†: @lianArt13 DM ME\n\nâœ”ï¸ https://t.co/dJtAdWq7oA,No,,
1634739326,christaline_,200478,https://twitter.com/random/status/1536334009449730048,$20 | 280.000 IDR ~ 2 HRS ğŸ§šğŸ»\n\nâ€¢ RT &amp; Follow @NboxOfficial \nâ€¢ Join Telegram (post proof) \nhttps://t.co/EqPaUbyz4G,Promoter,,
1.4501E+18,kloogives,104748,https://twitter.com/random/status/1536280562947674112,$15 | 210.000 IDR IN 8HOURS\n\n- RT &amp; RT LIKE + TAG 3 FRIENDS @AlvixNFT ğŸ“Œ,Promoter,,
1.44141E+18,Vi0linG,40224,https://twitter.com/random/status/1535253163812732928,ğŸ’¸ 25.000 IDR ll Giveaway\n\n- RT\n- Like @CryptosHeaven1 ğŸ“Œ\n\nEnd in 2 hours. Goodluck! ğŸ¡,Promoter,,
3347128635,FatalEth,90028,https://twitter.com/random/status/1542755605647167488,@DegenDudesDAO $50 or 700rb Giveaway ğŸ’\n\nRT this + RT my ğŸ“Œ,No,,
1.43341E+18,autumngives,74902,https://twitter.com/random/status/1536387344000897024,$5 | 67.500 IDR | 2 HOURS\n\n- RT &amp; RT Like @VorqzNft ğŸ“Œ,Promoter,,
735897896,SummieETH,1152540,https://twitter.com/random/status/1536308644014395392,$60 | one winner | 4 hours\n\nâ€¢ Must retweet this,Promoter,,
1.0745E+18,FinalAyyMG,368227,https://twitter.com/random/status/1536398782673346562,$100 Giveaway | 24 Hours\n\nâ€¢ Retweet &amp; Follow @IJuneyB,Promoter,,
1.43991E+18,bitegives,51641,https://twitter.com/random/status/1514967274884542472,$7â”†â‚±350â”†100.000 IDR \n\n- rt &amp; follow @KylieProms ğŸ”” \n\nend 60 mins.,Promoter,,
1.50157E+18,HiNFTGiveaway,83399,https://twitter.com/random/status/1531903304820736000,$50 Giveaway || 6 hrs \nâ€¢ RT + Follow \n@hawexdao\nâ€¢ Join https://t.co/cZ6sgx8vMP + reply DC name https://t.co/bAuMFqX6IO,Promoter,,
1.41497E+18,Jaykripto,51257,https://twitter.com/random/status/1512435249380274191,$1800ğŸ’°\n\nTo enter \n- Follow @Jaykripto \n- RT this\n- Tag Frens\n\n48 Hours\n#NFT #NFTGiveaway https://t.co/Q82f0icI10,No,,
9.65255E+17,doyifting,140179,https://twitter.com/random/status/1536611148816338944,$10 || 140.000 IDR || GCASH\n\nâ€“ RT + Follow @mallverseio\nâ€“ Join discord https://t.co/g61GcaH4nG\n\nEnds 120mins!,Promoter,,
1.41533E+18,SensorNFT,69097,https://twitter.com/random/status/1526004440884469760,$150 / 1 Winner\n\nRT + Follow @RapixoRecords,Promoter,,
1.01897E+18,jackspromos,52516,https://twitter.com/random/status/1515018468738883585,$100 | 1,Promoter,,
1.36305E+18,LockedInTeam,44687,https://twitter.com/random/status/1510635230457401344,$15 | 690 PHP | 202.500 IDR \n\nRT + Follow @NaruMove2Earn \nRT/Like their pinned too \n\nENDS IN 2 HOURS\n\nâ€”â€”â€”â€”â€”â€”â€”â€”â€”â€”â€”â€”â€”\n#LiTğŸ”¥,Promoter,,
1.36123E+18,edz_lozano,223817,https://twitter.com/random/status/1536456029353164800,$30 in 4 HRS \n\nâœ… RT + RT @GyroCommunity RECENTS,Promoter,,
1.31792E+18,allthewinners1,76120,https://twitter.com/random/status/1535996452412981248,$100 | 1.400.000 IDR ~ 24 HOURS\n\nRT ğŸ“Œ&amp; Follow\n\n@MrQuinlanft\n@allthewinners1 \n@AscendEX_India\n\n@AscendEX_Russia,Promoter,,
2728049983,toastpunk,74681,https://twitter.com/random/status/1532764140464316416,Letâ€™s show so support to our partner @MarioNawfal and stand a chance to win $2000.\n\nğŸ‘¦ğŸ»ğŸ¤ğŸ https://t.co/YVsGNiaP8i,No,,
1.47584E+18,nikisanproms,41468,https://twitter.com/random/status/1536634458971193344,$1 | 14.000 IDR | 2 HRS âœ¨\n\n-RT &amp; Follow @yjwksnzone\n\n(feel free to tag her on giveaways),Promoter,,
1.34714E+18,princesspromos_,278351,https://twitter.com/random/status/1536291486580342784,$50 â€¢ 700K | 4 HOURS \n\nRT + Follow @CryptoKing1st + RT ğŸ“Œ,Promoter,,
1.41196E+18,juswagives,106183,https://twitter.com/random/status/1535555127532060672,$3 | 42K IDR ğŸ”¸ 60 MINS\n\n- RT &amp; Follow @ido_eth,Promoter,,
1.18846E+18,ColdHotand,45464,https://twitter.com/random/status/1535996557794885632,$100 | 1.400.000 IDR ~ 72 HOURS\n\nRT ğŸ“Œ&amp; Follow\n\n@MrQuinlanft\n@allthewinners1 \n@AscendEX_India\n\n@AscendEX_Russia,Promoter,,
225731980,DaJenus,1306233,https://twitter.com/random/status/1536428006616465417,$100 ~ 6 Hours\n\nâœ…RT &amp; Follow @Aidanbox + @Poirierex,Promoter,,
1.36577E+18,nftartgroup,68611,https://twitter.com/random/status/1518567777434488833,$10 | â‚±490 | 135.000 IDR â€¢ 3 HRS ğŸ’«\n\nReport @nftartgroups (fake account)\n\nComment done :) https://t.co/RLUHtu2N81,Promoter,,
1.43483E+18,SeGives,41486,https://twitter.com/random/status/1535932567610093568,3 WINNERS ğŸ’µ ~ 60 mins\n\nâ€”  Retweet \n\nâ€”  Follow @gemhostglobal ( ğŸ”” ),Promoter,,
1.24793E+18,Andrew92SG,125245,https://twitter.com/random/status/1535237608275472384,$10 | 20 mins ğŸ¤‘\n\nRT,Promoter,,
1.11556E+18,Sweepsgg,306866,https://twitter.com/random/status/1536436354648711169,$100 Giveaway\n\nRT + Follow @SappChatApp + RT &amp; LikeğŸ“Œ\n\nEnds in 24 hrs. ğŸ’°,Promoter,,
224610818,BOBBYBUYCALLS,110958,https://twitter.com/random/status/1511411592834998273,@wearecultdao $CULT \n\nBig opportunity in Cult! Market Cap has pulled back to $70M ğŸ‘€ğŸ‘€ğŸ‘€\n\nhttps://t.co/g92f9W61jX,No,,
336957898,dexynft,688473,https://twitter.com/random/status/1512391895921696769,$50 || 24 in hours\n\nâœ… Follow @OGShampooLounge &amp; @_retr0x \n\nMust have proof.\nGood luck! ğŸ€,Promoter,,
1.41748E+18,cryptobri_,107038,https://twitter.com/random/status/1510283144678756356,@hitshipan @AstronotsETH Itâ€™s an auction style starting at $1 ğŸ¤©,No,,
1.50004E+18,Balakurwo,58428,https://twitter.com/random/status/1536574575013920768,$10 || 140.000 IDR || 5 hours\n\nRT &amp;\n\nFollow @anndylian + like on ğŸ“Œ,Promoter,,
1700060508,DegenPub,97331,https://twitter.com/random/status/1522822857033613312,$50 in 5 hours ğŸ»\n\n-RT + Follow @foreverhooEth\n\nGood luck!,Promoter,,
2222276646,KristenRowin,52342,https://twitter.com/random/status/1506329683536723972,$80 â€¢ 120 minutes\n\nâœ… RT this and RT my ğŸ“Œ tweet &amp;\nFollow sponsor @MetaGrandGames,Promoter,,
1.49061E+18,Kassypromo,56161,https://twitter.com/random/status/1523955075458433025,$ 3 ll 42,Promoter,,
9.30453E+17,RippleXrpie,125460,https://twitter.com/random/status/1536695135077126144,@utilitycryptos You can start with $100 and then compound your investment...,No,,
977774432,NFT_Dispatch,95934,https://twitter.com/random/status/1531458494322331648,$100 ğŸ† #ETH\n\nRT + Like @Vaseart ğŸ“Œ,Promoter,,
1.30372E+18,sipvalen,44638,https://twitter.com/random/status/1536588954052751361,$3.5 || 50.000 IDR ~ 3 HOURS \n\n- RT Like &amp; Follow @Champz_NFT + Like ğŸ“Œ,Promoter,,
1.01475E+18,yournangel,116576,https://twitter.com/random/status/1536550865980469248,GIVEAWAY $10 | 140.000 IDR | 1 HOUR\n\nâ€” RT &amp; RT Like @TanteYunis ğŸ“Œ,Promoter,,
1.44033E+18,conawson,43712,https://twitter.com/random/status/1536608717642137600,$1.4 | 20.000 IDR â€¢ 5 HOURS ğŸŒ¸\n\nâ€¢ retweet\n\nâ€¢ like,Promoter, comment on tweet ğŸ‘‡ğŸ»\n\n( draw with @swinpi ) https://t.co/2LRmU3ZeO3,
1.26109E+18,AndyRuffIN9,72514,https://twitter.com/random/status/1519116588875661312,ğŸ‰GIVEAWAYğŸ‰\n\nPrize:\nğŸ†1 $SOL ($100)\n\nTo Enter:\n1âƒ£Follow @AndyRuffIN9 \n2âƒ£RT this\n3âƒ£Tag Frens\n\n24H\n#Solana  #SolanaGiveaway #NFTGiveaway,No,,
1.4541E+18,SalvMun,44256,https://twitter.com/random/status/1512118677294002181,$2 ,No,,
1.44307E+18,bellahost__,82239,https://twitter.com/random/status/1536338075068280832,$3 | 42.000 IDR ~ 90 MINS \n\nRT &amp; Follow @Melissa4Hoonie + RT Like @IInjangishi ğŸ“Œ,Promoter,,
1.43653E+18,CG_Contest,59391,https://twitter.com/random/status/1535921069776723968,Odading $25 | 350k ~ 12 Hours\n\nâ˜‘ï¸RT,Promoter,,
367827770,Knoxiee_,75751,https://twitter.com/random/status/1536579516167905281,$7 | 100K in 60MINS\n\nâ€” RT,Promoter,,
1.30832E+18,MegaEvo1ution,59143,https://twitter.com/random/status/1532285542419021824,AMA with @Gemie_Official\n~!! Official Start ğŸŒŸ \nì œ ìŠ¤í˜ì´ìŠ¤ì— ì°¸ì—¬í•´ ì£¼ì„¸ìš”! https://t.co/UUIexl5UkB,No,,
2228960582,ScottLEOWarrior,419131,https://twitter.com/random/status/1535388811915567106,I will send one random person $100 in 24hrs all you have to do is RT and be following myself @FrenchTheKid1 &amp; @JackBenjaminz,No,,
8.51661E+17,VastGG,776362,https://twitter.com/random/status/1536117497522438144,$100 Cash Giveaway! 48 hours ğŸ‰\n\n- Retweet this tweet \n\n- Follow @OOt_Social \n\n- Like their recent tweets https://t.co/XCdI7uOU2q,Promoter,,
1834368583,Hantao,45215,https://twitter.com/random/status/1533195733238550528,@HypeTrip I paid $1,No, please comment trip fans,
8.57024E+17,MiaJacksoon,293256,https://twitter.com/random/status/1536391294142009344,$100 | 1.4JT - 4 HOURS\n\n~ RT like &amp; Follow (ğŸ””) @MetafiSwapToken\n~ RT &amp; Like their ğŸ“Œ,Promoter,,
1.18834E+18,87sensei,58667,https://twitter.com/random/status/1536376755455336448,$7  |  7 hours ğŸŒ‹ğŸŒ‹\n\nRT + RT,Promoter,,
1.39666E+18,CrunchNFT,81948,https://twitter.com/random/status/1518708416314806272,ğŸActivity ContestğŸ\nğŸ¤¯Up to 1 BNB reward (~$400)ğŸ¤¯\n\nâœ…Likeâ¤ï¸â€ğŸ”¥ &amp; RTâ™»ï¸\nâœ… Follow @EventBnb\n\n#Binance  #Giveaways  #BNB  #Ethereum  #BTC,No,,
1.48218E+18,vronft,46099,https://twitter.com/random/status/1536460684623548417,$SOL â€¢ $300 â€¢ 3 WINNERS\n\nLike,Deleted,,
1.50012E+18,monetasol,48683,https://twitter.com/random/status/1542205425277317121,$1 | 13.500 IDR â€¢ 6 hours ğŸ‘‹\n\nâ€“ RT Like &amp; Follow @KPop_ShopeePH,Promoter,,
1.261E+18,izzyb0i,177246,https://twitter.com/random/status/1536233331138109441,$20 | 280K IDR ~ 4 HRS\n\nRT &amp; follow @JasonPromotor,Promoter,,
1.48849E+18,shangives,47825,https://twitter.com/random/status/1536339502356377601,$2 | 27K IDR â€¢ 60 MINS! ğŸ§š\n\n- RT &amp; Comment on @etheremum1 ğŸ“Œ,Promoter,,
1279299308,EdyyTH_,134968,https://twitter.com/random/status/1535951652485746688,$500 | IPHONE XR  FOR ONE WINNER IN 4DAYS ğŸ’›\n\n- RT &amp; Follow\n@kaizoku_nft \n@nestpals \n@NFTDeDON \n@EagleEyesNFT https://t.co/6TN5JSEbVS,Promoter,,
1.26946E+18,promotionfairy,71972,https://twitter.com/random/status/1535650965243985920,ğŸ’ $75 || â‚±3,Promoter,,
1.20353E+18,jesugarmy,56702,https://twitter.com/random/status/1522599133575483393,ğŸ Giveaway ğŸ\n\n200$ | 2,Promoter,000 IDR\n\nRT &amp; follow @ProfessorJPEG_\n\nâ³Ends 72hrs Good luck  ğŸ€ğŸ€,
1.40544E+18,BlissyShills,62184,https://twitter.com/random/status/1533311179137118208,$5 | â‚±235 | 63.000 IDR â€¢ 180 mins ğŸ¯\n\nâ€” RT + Follow @MilkHoneyCrypto \nâ€” Join: https://t.co/8lYHh8IDKE (post proof),Promoter,,
1.51591E+18,khaipromos,85916,https://twitter.com/random/status/1536003156391260161,$7 | 100K IDR â€¢ 2 HOURS\n\nRT &amp; Follow @kloogives + ğŸ””,Promoter,,
1.3387E+18,YnahGives,121434,https://twitter.com/random/status/1536682003377971200,Winner ğŸ†: @MartinnnnnnAE $4\n\ndm @wynxnayeon\n\nâœ”ï¸ https://t.co/FBs3qnSKG6,Promoter,,
1.4037E+18,Crypto_LUXX,111847,https://twitter.com/random/status/1535941935914840065,$15 in 120 minutes \n\nâœ… RT + Follow @SkeletonPixell &amp; RT their ğŸ“Œ,Promoter,,
1369573543,CryptoBonesX,587352,https://twitter.com/random/status/1529788977670246400,Iâ€™ll give $150 to one person in 24 hrs\n\n- RT &amp; Follow | @CoinTigerEX\n- RT ğŸ“Œ,No,,
1.42103E+18,michgives,66319,https://twitter.com/random/status/1536682647891480577,$7 | 350 PHP | 95.000 IDR\n\nâ€¢ RT,Promoter,,
955190844,CryptoArch1tect,552051,https://twitter.com/random/status/1536338966810529792,$100 Giving in 24 HOURS \n\n($50)\nRT &amp; Follow @GGProClick\n\n($50)\nJoin TG https://t.co/lLjTAbb9OF &amp; Ask a question about their token.,Promoter,,
104060463,MadSkyX,137524,https://twitter.com/random/status/1513531645651206145,I'll give $100 to one person in 24 hrs\n\n- RT &amp; Follow | @AlphaKongsClub\n- RT ğŸ“Œ https://t.co/v21okmshTr,No,,
1.18772E+18,Priyanka_s7,70009,https://twitter.com/random/status/1531473202064412673,$20 for 180 minutes. Rt &amp; like\n\nFollow @BetfuryIN + join Tg and message there\nhttps://t.co/4GtgkPIg2K (proof),Promoter,,
1728743684,misscryptolog,568299,https://twitter.com/random/status/1536215602406342658,$80 in 8 hours \n\nğŸ‘‰RT &amp; Follow ~ @pixelkingsio + RT pin ğŸ“Œ,Promoter,,
1.4882E+18,AlphaGangGang,197970,https://twitter.com/random/status/1508706827223330817,ğŸ”¥Damn.. 70K Followers!ğŸ”¥\n\n$170 Cash giveaway in 17 Minutes!\n\nFollow @KevinSusanto @AlphaGangGang \nLIKE RT TAG 5!!\n\nQUICK!! ğŸ’µğŸ¤£ğŸ¤‘ğŸ”¥ğŸğŸ˜‚,No,,
1.47345E+18,flozinbtc,60281,https://twitter.com/random/status/1514752905789775876,Congrats! @WynnaShark U won $1000($300 usdt &amp; $700 $APEX ) PLZ send me DM! Pickaw Seed: hu7lw3WDC0rtdOP9 https://t.co/erh5Z9jDmq,No,,
1.48374E+18,AvieGiveaways,40619,https://twitter.com/random/status/1530894412049698817,Giveaway ~ 50K\n\nâ™¡ RT This + RT @Unananaa_ pinned ğŸ“Œ\n\nEnd 2 hours ğŸ,Deleted,,
1.40262E+18,BlightyCrypto,51037,https://twitter.com/random/status/1542483484098400256,$10 || 2 hrs ğŸ¦\n\nâ™»ï¸ RT + Follow @RonaldoGives,Promoter,,
1.39323E+18,Phoenixpromote,44684,https://twitter.com/random/status/1435583787199393799,GIVEAWAY 15$ ~ 12 hours\n\nâœ…RT + Follow me &amp; @mohmd__10,Promoter,,
1.05002E+18,TheRylai,569825,https://twitter.com/random/status/1536324167032836096,$100 | Ends in 12 Hours\n\n($50)\nğŸŸ© RT &amp; Follow @Rowdykids_io + RT Their Pin ğŸ“Œ \n\n($50)\nğŸŸ© Join ~ https://t.co/90PJDpEYIO \n\nPost Proof,Promoter,,
1155120696,SouthernDeFi,301337,https://twitter.com/random/status/1536270922226798592,$100 | 24 Hours\n\nRT + Follow @tangled_NFT,Promoter,,
756002408,cryptotutor,61658,https://twitter.com/random/status/1524294356294897664,@KingsleyNebo2 The stable coin $UST is now worth only $0.3,No,,
1.35665E+18,galaksi,105797,https://twitter.com/random/status/1536436920841998336,$25 | 350.000 IDR ~ 2 HOURS\n\nRT &amp; Follow @richesnft + RT Like Tag 2 Friends ğŸ“Œ,Promoter,,
1.45915E+18,HoonsyPromotes,40928,https://twitter.com/random/status/1537773777706450944,$1 | â‚±50 | IDR GIVEAWAY ğŸ§§\n\nâ€” RT,Promoter,,
1.07214E+18,cryptovenizo,144328,https://twitter.com/random/status/1475499007547883520,Giveaway $75 or 1Jt in 24hrs\n\n|| Retweet + Follow @defi_farmers\n|| Retweet their ğŸ“Œ\n\nTag 3 friends ğŸˆ,Promoter,,
1.3682E+18,penguinpromotes,98663,https://twitter.com/random/status/1532672746958000133,$10 || 130.000 IDR â€” 2 hrs ğŸ«¶ğŸ»\n\nRT &amp; follow @princesspromos_ (ğŸ””),Promoter,,
99146224,Crypto_Vertex1,219062,https://twitter.com/random/status/1528682607244095489,ğŸGIVEAWAY $25 | 3Hrsâ³\n\nFollow @Pi_INU_Official and Retweet their pinned ğŸ“Œ\n\n- Retweet this,Promoter,,
69129108,TheWignus,2510943,https://twitter.com/random/status/1536559215170289664,$500 â€¢ 48 Hours \n\nğŸŸ¢ RT &amp; Follow â¦@MinaVerses\nğŸŸ¢ Join TG https://t.co/vHzGSplQvD\n\nPost Proof\n\nhttps://t.co/QLFN8bT29w,Promoter,,
1.36203E+18,azaleashine,91442,https://twitter.com/random/status/1504109354366103567,$20 | 280.000 IDR. ~ 24 hours.ğŸ³\n\n- rt &amp; follow \n@smallcappick + rtğŸ“Œ\n@dominicVEMP + rt ğŸ“Œ,Promoter,,
1.49067E+18,nftgod_1,60423,https://twitter.com/random/status/1534634327849443328,$100 | 12 Hours\n\nRT,Promoter,,
1.45949E+18,cloudgemz,160092,https://twitter.com/random/status/1536374414391926785,$30 | 420.000 IDR | 2 Hours\n\n- RT &amp; Follow @NFTApesClub ğŸ””,Promoter,,
1.42719E+18,megsgives,45667,https://twitter.com/random/status/1533064846605885440,$20 | 248.000 IDR ~ 24 HRS\n\n- RT &amp; Follow @angryalienclub,Promoter,,
4080715212,bunniefied,201416,https://twitter.com/random/status/1536538203075006466,$15 | 210k IDR ~ 60 MINS\n\nRT like &amp; follow @prctiu,Promoter,,
450099153,WillGittens,99238,https://twitter.com/random/status/1511108583903145986,$200 #ETH ğŸš€ â€¢ 10 minutes\n\nLike,Promoter, Follow Me &amp; @SabianNFT ğŸ”” ( Proof )\n\nThis is why you need notifications on.,
1.42156E+18,goodso1992,110285,https://twitter.com/random/status/1534437281091596288,$20 | 60 mins ğŸ°ğŸ”¥\n\nRT,Promoter,,
1.21171E+18,PandaPromotes,45480,https://twitter.com/random/status/1522185691689537537,$4 ~ 30 minutes \n\nRT + Follow @pannnft,Promoter,,
718260082,RositaNFT,73948,https://twitter.com/random/status/1515157942407995392,$100 | 1.4JT ~ ends in 4 hours\n\nâ€¢ RT + Follow @RositaNFT \n\nTurn notifications on ğŸŒ¸,Promoter,,
4920946291,sof1azara03,325584,https://twitter.com/random/status/1536607116730855424,$50 or 700rb Giveaway || 4 hrs ğŸ«˜\n\nRT + Like,Promoter,,
1.47129E+18,Jonatha73163192,54208,https://twitter.com/random/status/1517400403926827008,ğŸ’°$6,No,000)\nTo enter :\nâœ… Follow me and @MutantDogeA\nâœ… Like &amp; RT\nâœ…Drop your $ETH addressğŸ‘‡ https://t.co/sLM3lt4tfx,
1.42439E+18,MrMadCryptoX,603006,https://twitter.com/random/status/1535892614092029953,I'll give $150 to one person in 24 hrs\n\n- RT &amp; Follow | @PrimeXBT\n- Join | https://t.co/31KJeetoi6 https://t.co/WlylyVaKsh,Promoter,,
1.45378E+18,MoonWGMI,104537,https://twitter.com/random/status/1501801268418953217,2 Winners for a $300 Surprise DM! ğŸ\nâ€¢ RT + Follow @DreamGives with ğŸ””(proof)\n\nChoosing winners soon,No,,
1576918836,cryptopolica,49905,https://twitter.com/random/status/1494222551173644289,$100 | â‚±4600 | 1.300.000 IDR ; 24 hrs â±\n\n$50: RT + Follow @officialsubx \n\n+$50: Join TG (proof)\n\nhttps://t.co/kc2AFg5o1X,Promoter,,
9.88667E+17,kyoongbh_,151609,https://twitter.com/random/status/1536377913276497922,$10 | 140.000 IDR âœ 60MINS âŒ›\n\nRT + RT/Like &amp; Comment on @S_C_NFT ğŸ“Œ,Promoter,,
407108565,dogespromote,572019,https://twitter.com/random/status/1533205633155366912,$30 in 180 minutes\n\nâ–¶ï¸RT &amp; Follow @llollnear\nâ–¶ï¸RT &amp; Like their pin ğŸ“Œ,Promoter,,
1.42111E+18,kuyawat,173875,https://twitter.com/random/status/1536191689827971083,$50 || 700K in 8 Hours ğŸ”¥ğŸŒ´\n\nRT &amp; Follow @lazythings,Promoter,,
1.35377E+18,TiarCrypto,291129,https://twitter.com/random/status/1536249291941244928,$50 in 6 HOURS\n\nRT &amp; Follow @Alphawolf_1_ (ğŸ””),Promoter,,
141472845,cryptoneo17,200037,https://twitter.com/random/status/1532529834701860864,$100 in 24hr \n$50  - Follow @FashionLeagueO\nRT this \nBonus +50 if you Join discord (proof):\nhttps://t.co/CgcRztibkD https://t.co/03cK97Mcuo,Promoter,,
1.37768E+18,Kripto_Crab,143405,https://twitter.com/random/status/1532965811681386500,$10 ~ 12 Hours\n\nâœ… RT &amp; Follow @Kripto_Crab + ğŸ””\nâœ… Tag 2 Friends,Promoter,,
1.49118E+18,hostnabila,77557,https://twitter.com/random/status/1519997811021934597,$10 | 140.000 IDR. 3 HOURS ğŸ°ğŸ‡\n\n~rt &amp; follow @_enftree,Promoter,,
1.06685E+18,minewithmine,81943,https://twitter.com/random/status/1535244347477995522,100.000 IDR | $7 ; 120MINSğŸ’˜\n\nâ€¢ RT &amp; Follow @AisuDrop + Join pinnedğŸ“Œ,Promoter,,
1.32802E+18,WorldCryptoCent,41746,https://twitter.com/random/status/1437211347859689473,@cryprules @Best_Winners $50 | â‚±2300 | 680.000 IDR\n\nâ–«ï¸Follow \n@worldcryptocent\n\n@worldcryptocent\n &amp; rt ğŸ“Œ\nâ–«ï¸retweet + reply,No,,
1.36758E+18,cryptokingkongs,98227,https://twitter.com/random/status/1515684863747272705,$200 â€¢ 24 hours ğŸŒ€\n\nRT + Follow @TheApiens + @cryptokingkongs,Promoter,,
1.41131E+18,CryptoPanther01,269138,https://twitter.com/random/status/1532570589541634060,$150 IN 48 HOURS ğŸ”¥\n\nâœ”ï¸RT &amp; Follow @PrimeXBT + Join their pinned GA ğŸ“Œ\n\n-(Post Proof),Promoter,,
2317354298,DaFoxile,328729,https://twitter.com/random/status/1536414250557661184,$80 [1 winner] 12 Hrs\n\nğŸ’¥ RT&amp; Follow : @CosmicCitizens_\n\nğŸ’¥RT,Promoter,,
1.0553E+18,Meggy_gems,50835,https://twitter.com/random/status/1478681108275363842,$15 | â‚±763 | 215,Promoter,,
1.41922E+18,aniyoogifteu,49976,https://twitter.com/random/status/1536580415003054081,20.000 IDR | $1.4 | PHP\n\nã…¡ RT &amp; Like ğŸ‘‰ğŸ» https://t.co/raylCl3sZH\n\nã…¡ Reply Done\n\nEnd 60mins,Promoter,,
1.47137E+18,NftPhhuoo,61528,https://twitter.com/random/status/1516660171690635266,ğŸ’°$7,No,000)\nTo enter :\nâœ… Follow ğŸ‘‰ @MutantDogeA \nâœ… Like &amp; RT\nâœ…Drop your $ETH addressğŸ‘‡ https://t.co/7VezOixLRG,
1.39353E+18,sereingives,120265,https://twitter.com/random/status/1535715329585709056,$10 â€¢ 120 MINS ğŸ”¥\n\n- RT &amp; follow @BUSDOGE + rt,Promoter,,
1.43602E+18,ArtruNfts,48275,https://twitter.com/random/status/1518113054621564928,ğŸ $SOL GIVEAWAYğŸ\n\nPrizes:\nğŸ† 1 $SOL ( $110 )\n\nMust:\n1ï¸âƒ£ Follow @LionNfts \n2ï¸âƒ£ Like &amp; RT \n3ï¸âƒ£ Tag 3 Friends\n\nâ°24H #NFTGiveaway #Solana,No,,
1.26056E+18,nansen_ai,129899,https://twitter.com/random/status/1534919646083633157,@the_x2y2 2/ Volume per week\n\nTotal volume: ~150K ETH (~$270M) \n\nNot ded yet,No,,
7173232,crypto_bearr,213359,https://twitter.com/random/status/1536327478847094784,$50 || 2300 PHP || 700.000 IDR \n\nâœ… RT &amp; Follow @UncagedElephant \n\nends in 12 hours,Promoter,,
1.26919E+18,iamJAX_,75077,https://twitter.com/random/status/1530469588001259521,$100 in 48hrs ğŸ¯ğŸ¦\n\n-RT + Follow @archlootOS + RTğŸ“Œ\n-Join https://t.co/VQs1FyqcDC + Proof,Promoter,,
1.43445E+18,lalalagives,46211,https://twitter.com/random/status/1539484382314233856,$15 GIVEAWAY || PHP || IDR\n\n-RT + follow @nftanuar ğŸ””,Promoter,,
1.48355E+18,Artikfinance,45887,https://twitter.com/random/status/1533812478643257348,@Ivon911 @0xPolygon Congrats you won!!! ğŸ¤‘\nPlease DM us your BSC wallet to get your $100 worth of $ARTK ğŸ§,No,,
1.30937E+18,K9NFT,97399,https://twitter.com/random/status/1506367603220135943,$500  -  5 DAYS ğŸš€\n\nâœ… RT \nâœ… Follow @MGGROUPOFF &amp; RT+ LIKEğŸ“Œ,Promoter,,
1.35686E+18,MiKiLuka_,44153,https://twitter.com/random/status/1463035042398154757,Five person who retweets my pinned and follows @Sun25nfts will win $3000 ğŸ’¸ in $ETH  ğŸ’°\n\n#Crypto,No,,
1.41179E+18,crypt0_stella,92273,https://twitter.com/random/status/1491587528348082176,$100 giveaway ğŸ’·\nâœ…RT this\nâœ…Follow @behype_nft \nâœ…RT+comment quote tweet ğŸ‘‡\n36hrs https://t.co/Bw3PASkYiC,Promoter,,
1.43121E+18,Nabigives,57055,https://twitter.com/random/status/1536829434761662464,$3 | 36.000 IDR â€¢ 4HOURS ğŸ”¥ \n\nâ€¢ RT &amp; Follow @EmojiSmilePlz \nâ€¢ RT + Like the tweet below ğŸ‘‡ğŸ» https://t.co/XbRHekceyT,Promoter,,
1.30677E+18,Foxygives,137664,https://twitter.com/random/status/1536693793277169666,$3 in 60MINS!ğŸŒ¸\n\nRT,Promoter,,
2244996701,UhhShirazu,62598,https://twitter.com/random/status/1515776457276112905,$50 FAST â°\n\n-RT + Like\n-Follow @UhhShirazu ğŸ””,Promoter,,
3465216433,BrandonPromotes,88535,https://twitter.com/random/status/1516875573917802500,@idreamerNFT I see a lot of potential,No,,
1.42869E+18,Alphawolf_1_,210018,https://twitter.com/random/status/1536414111030026241,$30 | 420.000 IDR â€¢ 3 HOURS ğŸŒ¸\n\nRT + RT Like &amp; Tag 2 Friends @richesnft ğŸ“Œ,Promoter,,
1.40341E+18,CryptoBoltx,147593,https://twitter.com/random/status/1534057077278121984,$50 GIVEAWAY ~ 5 HOURS â³ï¸ \n\n- RT &amp; Follow @NFTechGroup,Promoter,,
563839125,papou69009,51404,https://twitter.com/random/status/1537035337020628994,$1000 || 14 JUTA IDR in 7 DAYS \n\n- RT &amp; Follow @papou69009 +ğŸ””\n#CryptoGiveaway #Cryptos,Promoter,,
1.36105E+18,DefiGabbi,210303,https://twitter.com/random/status/1536550907718279200,$30 ~ 180mins\n\n- Rt this &amp; Rt @crypto_margo ğŸ“Œ,Promoter,,
505383028,macguyvermedia,130576,https://twitter.com/random/status/1536718293456801794,We have a new sponsor!\n\n$100 to a lucky winner. \n\nRules: RT and follow @rx_less \n\nEnd in 48 hours. https://t.co/ETPSrNwseF,Promoter,,
2656225398,JpegMars,61259,https://twitter.com/random/status/1521329861633187843,$150 $ETH | 12 HoursğŸ”¥\n\nRT + Follow @twilighteth with ğŸ””,Promoter,,
1.43399E+18,nft2win,40154,https://twitter.com/random/status/1447973412719271941,ğŸŠğŸŠğŸŠCongratulationsğŸŠğŸŠğŸŠ\n\nğŸ†Winner : @jeyjos84 \n\nContact for claiming prize @RancidRoyalty \n\n#nftgiveawaywinners\nProof ğŸ‘‰ https://t.co/dh39M4WRTY,No,,
812104176,zenpromoter,910456,https://twitter.com/random/status/1536073827922366467,$75 in 8 Hrs â°\n\nâœ… RT &amp; Follow @FreestyleNFT &amp; @wearesandmilk\n\nâœ… Join DC :https://t.co/Y6qAfPihJp\n\nPost Proof https://t.co/vPl8mPE1SO,Promoter,,
1.46132E+18,missufe,252006,https://twitter.com/random/status/1536433118403604485,$80 | 1.120.000 IDR in 5 Hours ğŸ¦„\n\n- RT &amp; RT,Promoter,,
1.28364E+18,CryptoLabX,258826,https://twitter.com/random/status/1532706270792142848,150$ | 2,Promoter,,
1.39483E+18,GawsStiph,219340,https://twitter.com/random/status/1536275323557318656,$5 â€¢ 70.000 IDR â€¢ 35 MINSğŸŒ¸\n\nrt + rt @ritzgives ğŸ“Œ,Promoter,,
1.05113E+18,CryptoRanger_,282035,https://twitter.com/random/status/1489159761279037443,$100 | 24 Hours â›‘ï¸\n\n($50) \n-RT + Follow @RealPunksClub + RT ğŸ“Œ\n\n(Bonus $50)\n-Join Discord ğŸ‘‡(Post Proof)\nhttps://t.co/4lCSxpnujE,Promoter,,
1.41233E+18,crypto_margo,127240,https://twitter.com/random/status/1536626119905906688,$100 GiveawayğŸ”¥| 36 Hours\n\nâœ… Rt &amp; Comment #HisenseULED at least three ( 3 ) times\nâœ… Follow @HisenseIntl for TV Giveaway ( By Hisense post proof),Promoter,,
1.30369E+18,reneziv,261713,https://twitter.com/random/status/1536283900112084993,$30 | 420K - 3 HOURS ğŸ›¡\n\n~ RT like &amp; Follow (ğŸ””)\n\n@zabinapromotes  ,Promoter,,
8.04999E+17,BanniBruno,261408,https://twitter.com/random/status/1536029760291328001,$100 | 24 Hours ğŸ°\n\n-RT &amp; Follow : \n\n@decentrelon \n@macguyvermedia,Promoter,,
1.3968E+18,KleitoNft,111213,https://twitter.com/random/status/1520283393979691008,giveaway $100 | 1,Promoter,,
1.33404E+18,marupok_si_me,127323,https://twitter.com/random/status/1527154051271761921,$$ ~ Fast giveaway ~ 30 Minutes ğŸŒ¤ï¸\n\n- Rt And Like @Jungshares ğŸ“Œ\n- Rt This,Promoter,,
1.29837E+18,ShadowAgencyINC,60958,https://twitter.com/random/status/1533871625560547328,$150 ğŸ†\n\nRT + Like @Vaseart ğŸ“Œ,Promoter,,
2973702965,vegapromotes,41099,https://twitter.com/random/status/1527475321204768781,$40 in $ETH\n\nâ¤ï¸,Promoter, Follow \n@dewileth \n\n7 Hours â°,
2503386737,crypto_pikachu1,174237,https://twitter.com/random/status/1535174833683648512,$200 ll 2.800.000 IDR in 48 Hours \n\n$100 RT &amp; Follow @fabian_crypto + RT ,Promoter,,
464420818,slope_finance,74830,https://twitter.com/random/status/1523568855473602560,This is a big one! ğŸ¤© \n\nOur friends @Stepnofficial are giving away $1.5m worth of NFTs! ğŸ¤¯\n\nGet them to 500k followers! ğŸƒâ€â™‚ï¸ https://t.co/x6m53tcOZT,No,,
1.39209E+18,apenftorg,272452,https://twitter.com/random/status/1503922817829863424,hi @federicomolina ,No,,
1.45376E+18,433_cp,94693,https://twitter.com/random/status/1532642858712322048,$300 in  3 Day âŒ›ï¸\n\nâ€¢ RT &amp; Follow @anthonyalkudai  &amp; @WearyApeYC,Promoter,,
1.47146E+18,ZaraPromotes,170722,https://twitter.com/random/status/1536192085216329728,$30 | 420.000 IDR | 5 HOURS\n\nRT &amp; Follow @BoredTopanga + RT ğŸ“Œ,Promoter,,
